timeOpen;timeClose;timeHigh;timeLow;name;open;high;low;close;volume;marketCap;timestamp
"2025-05-17T00:00:00.000Z";"2025-05-17T23:59:59.999Z";"2025-05-17T00:11:00.000Z";"2025-05-17T22:24:00.000Z";"2781";0.1179832564;0.1183735807;0.1079685663;0.1090945021;88612341.02;2856550814.62;"2025-05-17T23:59:59.999Z"
"2025-05-16T00:00:00.000Z";"2025-05-16T23:59:59.999Z";"2025-05-16T18:12:00.000Z";"2025-05-16T22:54:00.000Z";"2781";0.117282115;0.1222580061;0.1168450261;0.1179832564;92221195.53;3088786181.06;"2025-05-16T23:59:59.999Z"
"2025-05-15T00:00:00.000Z";"2025-05-15T23:59:59.999Z";"2025-05-15T16:06:00.000Z";"2025-05-15T07:53:00.000Z";"2781";0.1206583185;0.1218343605;0.111407803;0.1172817969;137958468.4;3069873327.86;"2025-05-15T23:59:59.999Z"
"2025-05-14T00:00:00.000Z";"2025-05-14T23:59:59.999Z";"2025-05-14T00:00:00.000Z";"2025-05-14T17:28:00.000Z";"2781";0.1250962222;0.1250971099;0.117829022;0.1206583185;110710486.04;3157672435.67;"2025-05-14T23:59:59.999Z"
"2025-05-13T00:00:00.000Z";"2025-05-13T23:59:59.999Z";"2025-05-13T19:52:00.000Z";"2025-05-13T04:01:00.000Z";"2781";0.1161084585;0.1268250766;0.1077982816;0.1250962222;198624234.71;3273219490.17;"2025-05-13T23:59:59.999Z"
"2025-05-12T00:00:00.000Z";"2025-05-12T23:59:59.999Z";"2025-05-12T07:40:00.000Z";"2025-05-12T19:31:00.000Z";"2781";0.1170750731;0.1308218889;0.1084748979;0.1161084585;299124933.03;3037446715.5;"2025-05-12T23:59:59.999Z"
"2025-05-11T00:00:00.000Z";"2025-05-11T23:59:59.999Z";"2025-05-11T18:52:00.000Z";"2025-05-11T07:46:00.000Z";"2781";0.1100545877;0.1187842443;0.1042811999;0.1170749523;170977635.43;3062227946.08;"2025-05-11T23:59:59.999Z"
"2025-05-10T00:00:00.000Z";"2025-05-10T23:59:59.999Z";"2025-05-10T23:53:00.000Z";"2025-05-10T01:00:00.000Z";"2781";0.1045836466;0.1101166244;0.1036395058;0.1100545877;94345315.42;2878028349.88;"2025-05-10T23:59:59.999Z"
"2025-05-09T00:00:00.000Z";"2025-05-09T23:59:59.999Z";"2025-05-09T08:40:00.000Z";"2025-05-09T04:07:00.000Z";"2781";0.0992438604;0.1071590511;0.0969970496;0.1045835387;118750438.2;2734504043.06;"2025-05-09T23:59:59.999Z"
"2025-05-08T00:00:00.000Z";"2025-05-08T23:59:59.999Z";"2025-05-08T21:25:00.000Z";"2025-05-08T00:55:00.000Z";"2781";0.091865829;0.1002619641;0.0916286798;0.0992438604;98895135.18;2594417949.6;"2025-05-08T23:59:59.999Z"
"2025-05-07T00:00:00.000Z";"2025-05-07T23:59:59.999Z";"2025-05-07T11:45:00.000Z";"2025-05-07T06:52:00.000Z";"2781";0.0905186212;0.0929318062;0.0890799191;0.0918662085;58596013.92;2401106124.48;"2025-05-07T23:59:59.999Z"
"2025-05-06T00:00:00.000Z";"2025-05-06T23:59:59.999Z";"2025-05-06T00:03:00.000Z";"2025-05-06T21:38:00.000Z";"2781";0.0957690329;0.0958239048;0.0873167787;0.0905186212;66899496.82;2365424353.88;"2025-05-06T23:59:59.999Z"
"2025-05-05T00:00:00.000Z";"2025-05-05T23:59:59.999Z";"2025-05-05T19:39:00.000Z";"2025-05-05T10:56:00.000Z";"2781";0.0906692401;0.0973956989;0.0904669307;0.0957690205;64404230.37;2502214192.81;"2025-05-05T23:59:59.999Z"
"2025-05-04T00:00:00.000Z";"2025-05-04T23:59:59.999Z";"2025-05-04T00:19:00.000Z";"2025-05-04T10:27:00.000Z";"2781";0.0950071423;0.0955396029;0.0895388832;0.0906692401;58044220.64;2368513892.75;"2025-05-04T23:59:59.999Z"
"2025-05-03T00:00:00.000Z";"2025-05-03T23:59:59.999Z";"2025-05-03T01:10:00.000Z";"2025-05-03T23:58:00.000Z";"2781";0.1019496899;0.1039934056;0.0950052299;0.0950071423;59847729.31;2481311145.59;"2025-05-03T23:59:59.999Z"
"2025-05-02T00:00:00.000Z";"2025-05-02T23:59:59.999Z";"2025-05-02T21:37:00.000Z";"2025-05-02T00:01:00.000Z";"2781";0.0940938088;0.1024355799;0.094082496;0.1019495511;74057152.85;2662113400.18;"2025-05-02T23:59:59.999Z"
"2025-05-01T00:00:00.000Z";"2025-05-01T23:59:59.999Z";"2025-05-01T10:34:00.000Z";"2025-05-01T00:03:00.000Z";"2781";0.0897243252;0.0968179832;0.0896805254;0.0940932905;84859903.51;2456536564.59;"2025-05-01T23:59:59.999Z"
"2025-04-30T00:00:00.000Z";"2025-04-30T23:59:59.999Z";"2025-04-30T11:22:00.000Z";"2025-04-30T14:03:00.000Z";"2781";0.0876756399;0.0917465438;0.0833561704;0.0897243252;97393375.59;2341983934.62;"2025-04-30T23:59:59.999Z"
"2025-04-29T00:00:00.000Z";"2025-04-29T23:59:59.999Z";"2025-04-29T08:13:00.000Z";"2025-04-29T23:16:00.000Z";"2781";0.0959151161;0.0981040516;0.0865210773;0.0876756399;86094013.57;2288105775.34;"2025-04-29T23:59:59.999Z"
"2025-04-28T00:00:00.000Z";"2025-04-28T23:59:59.999Z";"2025-04-28T08:39:00.000Z";"2025-04-28T17:35:00.000Z";"2781";0.0965359636;0.1004603425;0.0938736134;0.0959151161;102442636.9;2502651847.72;"2025-04-28T23:59:59.999Z"
"2025-04-27T00:00:00.000Z";"2025-04-27T23:59:59.999Z";"2025-04-27T00:55:00.000Z";"2025-04-27T16:33:00.000Z";"2781";0.1007161094;0.1012289251;0.0957699355;0.0965356869;78728306;2518322882.91;"2025-04-27T23:59:59.999Z"
"2025-04-26T00:00:00.000Z";"2025-04-26T23:59:59.999Z";"2025-04-26T04:27:00.000Z";"2025-04-26T13:58:00.000Z";"2781";0.1035821514;0.1078235429;0.0980195492;0.1007295942;112945740.19;2626863163.53;"2025-04-26T23:59:59.999Z"
"2025-04-25T00:00:00.000Z";"2025-04-25T23:59:59.999Z";"2025-04-25T12:02:00.000Z";"2025-04-25T02:58:00.000Z";"2781";0.0978745093;0.1089765706;0.0968568999;0.1035811825;159793328.04;2701112853.15;"2025-04-25T23:59:59.999Z"
"2025-04-24T00:00:00.000Z";"2025-04-24T23:59:59.999Z";"2025-04-24T15:12:00.000Z";"2025-04-24T03:56:00.000Z";"2781";0.0952719377;0.0985601078;0.0949139244;0.0978748893;85436996.75;2551773067.46;"2025-04-24T23:59:59.999Z"
"2025-04-23T00:00:00.000Z";"2025-04-23T23:59:59.999Z";"2025-04-23T00:37:00.000Z";"2025-04-23T15:19:00.000Z";"2781";0.0987116934;0.0997505177;0.0929536987;0.0952719377;124082897.49;2483471238.75;"2025-04-23T23:59:59.999Z"
"2025-04-22T00:00:00.000Z";"2025-04-22T23:59:59.999Z";"2025-04-22T23:58:00.000Z";"2025-04-22T00:39:00.000Z";"2781";0.0847239792;0.0987178114;0.0842184919;0.0987116934;157611761.34;2572639251.41;"2025-04-22T23:59:59.999Z"
"2025-04-21T00:00:00.000Z";"2025-04-21T23:59:59.999Z";"2025-04-21T16:19:00.000Z";"2025-04-21T00:01:00.000Z";"2781";0.0779484905;0.0849388958;0.07793669;0.0847243498;94365320.06;2207672328.63;"2025-04-21T23:59:59.999Z"
"2025-04-20T00:00:00.000Z";"2025-04-20T23:59:59.999Z";"2025-04-20T02:49:00.000Z";"2025-04-20T11:00:00.000Z";"2781";0.0785807614;0.0788899299;0.0760043898;0.0779484905;38997263.51;2030720620.54;"2025-04-20T23:59:59.999Z"
"2025-04-19T00:00:00.000Z";"2025-04-19T23:59:59.999Z";"2025-04-19T23:57:00.000Z";"2025-04-19T00:01:00.000Z";"2781";0.0764749389;0.0786137506;0.0764606837;0.0785770071;31736880.53;2046699155.52;"2025-04-19T23:59:59.999Z"
"2025-04-18T00:00:00.000Z";"2025-04-18T23:59:59.999Z";"2025-04-18T11:56:00.000Z";"2025-04-18T03:18:00.000Z";"2781";0.0763907573;0.0780533684;0.0753959383;0.0764749389;41953599.85;1991561517.2;"2025-04-18T23:59:59.999Z"
"2025-04-17T00:00:00.000Z";"2025-04-17T23:59:59.999Z";"2025-04-17T11:46:00.000Z";"2025-04-17T19:39:00.000Z";"2781";0.075287131;0.0777593699;0.0750472696;0.0763907573;62459354.35;1988984539.99;"2025-04-17T23:59:59.999Z"
"2025-04-16T00:00:00.000Z";"2025-04-16T23:59:59.999Z";"2025-04-16T15:37:00.000Z";"2025-04-16T08:15:00.000Z";"2781";0.0745301203;0.0779798575;0.0728824153;0.075287131;76248217.76;1959870485.65;"2025-04-16T23:59:59.999Z"
"2025-04-15T00:00:00.000Z";"2025-04-15T23:59:59.999Z";"2025-04-15T00:58:00.000Z";"2025-04-15T22:53:00.000Z";"2781";0.0784867024;0.0790926269;0.0744206619;0.0745301203;72016503.94;1939788857.72;"2025-04-15T23:59:59.999Z"
"2025-04-14T00:00:00.000Z";"2025-04-14T23:59:59.999Z";"2025-04-14T13:05:00.000Z";"2025-04-14T03:59:00.000Z";"2781";0.0729196854;0.0791212096;0.0728566061;0.0784867024;90534549.97;2042336210.72;"2025-04-14T23:59:59.999Z"
"2025-04-13T00:00:00.000Z";"2025-04-13T23:59:59.999Z";"2025-04-13T03:18:00.000Z";"2025-04-13T23:24:00.000Z";"2781";0.0773557333;0.0793302226;0.0724851071;0.0729194298;83552405.62;1897100969.93;"2025-04-13T23:59:59.999Z"
"2025-04-12T00:00:00.000Z";"2025-04-12T23:59:59.999Z";"2025-04-12T23:50:00.000Z";"2025-04-12T09:34:00.000Z";"2781";0.0754895351;0.0774186978;0.0728501674;0.0773557333;88313376.64;2012128290.11;"2025-04-12T23:59:59.999Z"
"2025-04-11T00:00:00.000Z";"2025-04-11T23:59:59.999Z";"2025-04-11T13:50:00.000Z";"2025-04-11T00:58:00.000Z";"2781";0.0689641585;0.076343644;0.0687157872;0.0754895351;131587851.42;1963237772.58;"2025-04-11T23:59:59.999Z"
"2025-04-10T00:00:00.000Z";"2025-04-10T23:59:59.999Z";"2025-04-10T21:12:00.000Z";"2025-04-10T15:52:00.000Z";"2781";0.0679202978;0.0703776176;0.0657875302;0.0689641585;127003684.4;1793186852.75;"2025-04-10T23:59:59.999Z"
"2025-04-09T00:00:00.000Z";"2025-04-09T23:59:59.999Z";"2025-04-09T20:40:00.000Z";"2025-04-09T01:32:00.000Z";"2781";0.0601786661;0.0708808205;0.0587837485;0.0679204316;145670844.1;1765676565.94;"2025-04-09T23:59:59.999Z"
"2025-04-08T00:00:00.000Z";"2025-04-08T23:59:59.999Z";"2025-04-08T13:38:00.000Z";"2025-04-08T22:40:00.000Z";"2781";0.06198667;0.0649615239;0.0596563321;0.0601786661;105426838.29;1564116497.93;"2025-04-08T23:59:59.999Z"
"2025-04-07T00:00:00.000Z";"2025-04-07T23:59:59.999Z";"2025-04-07T14:21:00.000Z";"2025-04-07T07:02:00.000Z";"2781";0.0579101619;0.0680528769;0.0530954859;0.0619866851;250845331.89;1610796856.01;"2025-04-07T23:59:59.999Z"
"2025-04-06T00:00:00.000Z";"2025-04-06T23:59:59.999Z";"2025-04-06T01:32:00.000Z";"2025-04-06T23:25:00.000Z";"2781";0.0640011392;0.0640915739;0.0568132481;0.0579101619;143660783.05;1504597667.72;"2025-04-06T23:59:59.999Z"
"2025-04-05T00:00:00.000Z";"2025-04-05T23:59:59.999Z";"2025-04-05T01:10:00.000Z";"2025-04-05T20:53:00.000Z";"2781";0.0650410918;0.065838742;0.0628364091;0.0640018264;72742553.83;1662547427.58;"2025-04-05T23:59:59.999Z"
"2025-04-04T00:00:00.000Z";"2025-04-04T23:59:59.999Z";"2025-04-04T08:24:00.000Z";"2025-04-04T11:33:00.000Z";"2781";0.0649613018;0.0677610436;0.0634545341;0.0650410918;117582352.35;1689177894.86;"2025-04-04T23:59:59.999Z"
"2025-04-03T00:00:00.000Z";"2025-04-03T23:59:59.999Z";"2025-04-03T22:57:00.000Z";"2025-04-03T13:10:00.000Z";"2781";0.0632254029;0.0651004343;0.060643907;0.0649614787;107419382.39;1686786673.36;"2025-04-03T23:59:59.999Z"
"2025-04-02T00:00:00.000Z";"2025-04-02T23:59:59.999Z";"2025-04-02T20:19:00.000Z";"2025-04-02T23:06:00.000Z";"2781";0.0684747313;0.0690301674;0.0621680567;0.0632254029;130900643.82;1641374682.32;"2025-04-02T23:59:59.999Z"
"2025-04-01T00:00:00.000Z";"2025-04-01T23:59:59.999Z";"2025-04-01T23:38:00.000Z";"2025-04-01T00:19:00.000Z";"2781";0.0645782801;0.0690194572;0.0644882201;0.0684747313;90822705.25;1777287088.99;"2025-04-01T23:59:59.999Z"
"2025-03-31T00:00:00.000Z";"2025-03-31T23:59:59.999Z";"2025-03-31T15:06:00.000Z";"2025-03-31T10:20:00.000Z";"2781";0.0644255571;0.0662267619;0.0620869293;0.0645782801;84543645.13;1675808748.24;"2025-03-31T23:59:59.999Z"
"2025-03-30T00:00:00.000Z";"2025-03-30T23:59:59.999Z";"2025-03-30T09:02:00.000Z";"2025-03-30T16:59:00.000Z";"2781";0.0645046574;0.0670476107;0.0633014474;0.0644258708;38179570.74;1671474366.31;"2025-03-30T23:59:59.999Z"
"2025-03-29T00:00:00.000Z";"2025-03-29T23:59:59.999Z";"2025-03-29T00:40:00.000Z";"2025-03-29T18:58:00.000Z";"2781";0.0698140093;0.0700073308;0.0627680298;0.0645048195;53272443.45;1673186488.29;"2025-03-29T23:59:59.999Z"
"2025-03-28T00:00:00.000Z";"2025-03-28T23:59:59.999Z";"2025-03-28T01:47:00.000Z";"2025-03-28T21:04:00.000Z";"2781";0.0754990759;0.0757791664;0.0680029737;0.0698140093;47807303.12;1810528753.3;"2025-03-28T23:59:59.999Z"
"2025-03-27T00:00:00.000Z";"2025-03-27T23:59:59.999Z";"2025-03-27T03:49:00.000Z";"2025-03-27T13:41:00.000Z";"2781";0.0757426589;0.0768862824;0.0741208167;0.0754990759;35466434.7;1957560491.81;"2025-03-27T23:59:59.999Z"
"2025-03-26T00:00:00.000Z";"2025-03-26T23:59:59.999Z";"2025-03-26T12:07:00.000Z";"2025-03-26T19:16:00.000Z";"2781";0.0776490721;0.0799829236;0.0747600584;0.0757426589;55194392.61;1963503905.2;"2025-03-26T23:59:59.999Z"
"2025-03-25T00:00:00.000Z";"2025-03-25T23:59:59.999Z";"2025-03-25T01:23:00.000Z";"2025-03-25T04:34:00.000Z";"2781";0.0782483879;0.0789054761;0.0762173221;0.0776490721;41083828.88;2012510056.34;"2025-03-25T23:59:59.999Z"
"2025-03-24T00:00:00.000Z";"2025-03-24T23:59:59.999Z";"2025-03-24T12:55:00.000Z";"2025-03-24T23:25:00.000Z";"2781";0.0802560703;0.0824654975;0.0779278331;0.0782483879;61673312.06;2027637490.98;"2025-03-24T23:59:59.999Z"
"2025-03-23T00:00:00.000Z";"2025-03-23T23:59:59.999Z";"2025-03-23T01:25:00.000Z";"2025-03-23T10:16:00.000Z";"2781";0.079884281;0.0809314396;0.0787208237;0.0802560703;28990991.64;2079188470.35;"2025-03-23T23:59:59.999Z"
"2025-03-22T00:00:00.000Z";"2025-03-22T23:59:59.999Z";"2025-03-22T07:36:00.000Z";"2025-03-22T00:00:00.000Z";"2781";0.0773886395;0.0804597748;0.0773884164;0.079884281;23461514.56;2069164313.31;"2025-03-22T23:59:59.999Z"
"2025-03-21T00:00:00.000Z";"2025-03-21T23:59:59.999Z";"2025-03-21T17:52:00.000Z";"2025-03-21T11:32:00.000Z";"2781";0.077860767;0.0792361147;0.0758502304;0.0773884848;46866080.51;2004105725.69;"2025-03-21T23:59:59.999Z"
"2025-03-20T00:00:00.000Z";"2025-03-20T23:59:59.999Z";"2025-03-20T00:17:00.000Z";"2025-03-20T23:26:00.000Z";"2781";0.0826356996;0.0830117045;0.077617202;0.077860767;63882631.85;2015890731.81;"2025-03-20T23:59:59.999Z"
"2025-03-19T00:00:00.000Z";"2025-03-19T23:59:59.999Z";"2025-03-19T23:53:00.000Z";"2025-03-19T02:33:00.000Z";"2781";0.0779823961;0.0829726617;0.0761565018;0.0826356996;87274976.57;2139076862.75;"2025-03-19T23:59:59.999Z"
"2025-03-18T00:00:00.000Z";"2025-03-18T23:59:59.999Z";"2025-03-18T23:58:00.000Z";"2025-03-18T06:52:00.000Z";"2781";0.0756781915;0.077994948;0.0724148999;0.0779823961;57583980.82;2018207702.28;"2025-03-18T23:59:59.999Z"
"2025-03-17T00:00:00.000Z";"2025-03-17T23:59:59.999Z";"2025-03-17T19:58:00.000Z";"2025-03-17T14:10:00.000Z";"2781";0.0737407273;0.0763351581;0.0729728284;0.0756950018;54005625.46;1958170326.93;"2025-03-17T23:59:59.999Z"
"2025-03-16T00:00:00.000Z";"2025-03-16T23:59:59.999Z";"2025-03-16T01:23:00.000Z";"2025-03-16T23:10:00.000Z";"2781";0.0805146206;0.0817507137;0.0734339784;0.0737410523;60912502.68;1907653385.35;"2025-03-16T23:59:59.999Z"
"2025-03-15T00:00:00.000Z";"2025-03-15T23:59:59.999Z";"2025-03-15T04:39:00.000Z";"2025-03-15T00:01:00.000Z";"2781";0.0779531837;0.0825613941;0.0779391848;0.0805145794;61193858.87;2082460135.27;"2025-03-15T23:59:59.999Z"
"2025-03-14T00:00:00.000Z";"2025-03-14T23:59:59.999Z";"2025-03-14T23:02:00.000Z";"2025-03-14T00:13:00.000Z";"2781";0.0708454738;0.0788185359;0.0704224314;0.0779538547;77220856.52;2015812987.95;"2025-03-14T23:59:59.999Z"
"2025-03-13T00:00:00.000Z";"2025-03-13T23:59:59.999Z";"2025-03-13T01:55:00.000Z";"2025-03-13T17:34:00.000Z";"2781";0.0717914985;0.0741275413;0.0684708709;0.0708454738;68298381.86;1831618860.89;"2025-03-13T23:59:59.999Z"
"2025-03-12T00:00:00.000Z";"2025-03-12T23:59:59.999Z";"2025-03-12T13:03:00.000Z";"2025-03-12T06:50:00.000Z";"2781";0.0696579171;0.0719161676;0.0659628832;0.0717944985;95967689.9;1855688048.52;"2025-03-12T23:59:59.999Z"
"2025-03-11T00:00:00.000Z";"2025-03-11T23:59:59.999Z";"2025-03-11T16:46:00.000Z";"2025-03-11T01:08:00.000Z";"2781";0.0586027717;0.0750662774;0.0558739224;0.069657892;190947438;1800166348.19;"2025-03-11T23:59:59.999Z"
"2025-03-10T00:00:00.000Z";"2025-03-10T23:59:59.999Z";"2025-03-10T09:28:00.000Z";"2025-03-10T19:01:00.000Z";"2781";0.0605854552;0.0640766405;0.0559124491;0.0586027717;87383803.92;1514156497.49;"2025-03-10T23:59:59.999Z"
"2025-03-09T00:00:00.000Z";"2025-03-09T23:59:59.999Z";"2025-03-09T07:31:00.000Z";"2025-03-09T23:10:00.000Z";"2781";0.0697756255;0.0723214893;0.0603318489;0.0605854552;85107723.64;1565066288.73;"2025-03-09T23:59:59.999Z"
"2025-03-08T00:00:00.000Z";"2025-03-08T23:59:59.999Z";"2025-03-08T14:16:00.000Z";"2025-03-08T03:31:00.000Z";"2781";0.0700402297;0.072553388;0.0672142047;0.0697756712;54474940.9;1802092561.58;"2025-03-08T23:59:59.999Z"
"2025-03-07T00:00:00.000Z";"2025-03-07T23:59:59.999Z";"2025-03-07T00:07:00.000Z";"2025-03-07T23:58:00.000Z";"2781";0.0758708709;0.0759402017;0.0700329948;0.070040064;80309322.83;1808557977.33;"2025-03-07T23:59:59.999Z"
"2025-03-06T00:00:00.000Z";"2025-03-06T23:59:59.999Z";"2025-03-06T15:43:00.000Z";"2025-03-06T01:35:00.000Z";"2781";0.0748135668;0.0768622203;0.0739547806;0.0758708709;60199994.59;1958704874.61;"2025-03-06T23:59:59.999Z"
"2025-03-05T00:00:00.000Z";"2025-03-05T23:59:59.999Z";"2025-03-05T10:37:00.000Z";"2025-03-05T16:33:00.000Z";"2781";0.0756596959;0.0778332131;0.0732255177;0.0748135668;59367124.48;1931008180.23;"2025-03-05T23:59:59.999Z"
"2025-03-04T00:00:00.000Z";"2025-03-04T23:59:59.999Z";"2025-03-04T00:22:00.000Z";"2025-03-04T16:37:00.000Z";"2781";0.078546108;0.0790024518;0.069032573;0.075660164;124711098.25;1952424477.05;"2025-03-04T23:59:59.999Z"
"2025-03-03T00:00:00.000Z";"2025-03-03T23:59:59.999Z";"2025-03-03T00:01:00.000Z";"2025-03-03T20:03:00.000Z";"2781";0.0897391654;0.0897709355;0.0774317961;0.078546108;106408393.13;2026465123.42;"2025-03-03T23:59:59.999Z"
"2025-03-02T00:00:00.000Z";"2025-03-02T23:59:59.999Z";"2025-03-02T17:49:00.000Z";"2025-03-02T15:27:00.000Z";"2781";0.0794416925;0.0940919607;0.0754878606;0.0897394162;117027314.06;2314730324.66;"2025-03-02T23:59:59.999Z"
"2025-03-01T00:00:00.000Z";"2025-03-01T23:59:59.999Z";"2025-03-01T04:18:00.000Z";"2025-03-01T14:40:00.000Z";"2781";0.0785895562;0.0844297494;0.0752418368;0.0794416925;58935241.64;2048669616.26;"2025-03-01T23:59:59.999Z"
"2025-02-28T00:00:00.000Z";"2025-02-28T23:59:59.999Z";"2025-02-28T00:01:00.000Z";"2025-02-28T04:40:00.000Z";"2781";0.0839791013;0.084016874;0.0743815785;0.0785895562;117716292.47;2026249782.17;"2025-02-28T23:59:59.999Z"
"2025-02-27T00:00:00.000Z";"2025-02-27T23:59:59.999Z";"2025-02-27T07:50:00.000Z";"2025-02-27T20:22:00.000Z";"2781";0.0855307855;0.0877301014;0.0822118029;0.0839791013;51306728.43;2164732242.42;"2025-02-27T23:59:59.999Z"
"2025-02-26T00:00:00.000Z";"2025-02-26T23:59:59.999Z";"2025-02-26T04:46:00.000Z";"2025-02-26T19:10:00.000Z";"2781";0.0922048757;0.0936118754;0.0840693303;0.0855307855;68824060.05;2204245972.23;"2025-02-26T23:59:59.999Z"
"2025-02-25T00:00:00.000Z";"2025-02-25T23:59:59.999Z";"2025-02-25T22:12:00.000Z";"2025-02-25T10:23:00.000Z";"2781";0.0901330265;0.0934109669;0.085329662;0.0922048757;110477222.83;2375725043.51;"2025-02-25T23:59:59.999Z"
"2025-02-24T00:00:00.000Z";"2025-02-24T23:59:59.999Z";"2025-02-24T00:31:00.000Z";"2025-02-24T23:58:00.000Z";"2781";0.0989855745;0.0995066448;0.0901235159;0.090133615;65243726;2321833112.91;"2025-02-24T23:59:59.999Z"
"2025-02-23T00:00:00.000Z";"2025-02-23T23:59:59.999Z";"2025-02-23T09:10:00.000Z";"2025-02-23T20:38:00.000Z";"2781";0.1007958085;0.101786406;0.0970848709;0.0989855745;30905779.29;2549315211;"2025-02-23T23:59:59.999Z"
"2025-02-22T00:00:00.000Z";"2025-02-22T23:59:59.999Z";"2025-02-22T18:32:00.000Z";"2025-02-22T00:19:00.000Z";"2781";0.0993931382;0.1024272671;0.0983225404;0.1007958085;36272177.83;2595366978.54;"2025-02-22T23:59:59.999Z"
"2025-02-21T00:00:00.000Z";"2025-02-21T23:59:59.999Z";"2025-02-21T10:37:00.000Z";"2025-02-21T19:49:00.000Z";"2781";0.1061624631;0.1087260533;0.0976778068;0.0993931382;80812898.67;2558687255.79;"2025-02-21T23:59:59.999Z"
"2025-02-20T00:00:00.000Z";"2025-02-20T23:59:59.999Z";"2025-02-20T05:01:00.000Z";"2025-02-20T16:07:00.000Z";"2781";0.1064663579;0.1091995128;0.1039850004;0.1061624631;39611165.17;2732350399.36;"2025-02-20T23:59:59.999Z"
"2025-02-19T00:00:00.000Z";"2025-02-19T23:59:59.999Z";"2025-02-19T14:16:00.000Z";"2025-02-19T01:43:00.000Z";"2781";0.1020287027;0.1079644415;0.1010354224;0.1064663579;50007201.33;2739567017.18;"2025-02-19T23:59:59.999Z"
"2025-02-18T00:00:00.000Z";"2025-02-18T23:59:59.999Z";"2025-02-18T02:43:00.000Z";"2025-02-18T17:36:00.000Z";"2781";0.1047002844;0.1065837074;0.0979224244;0.1020287027;66415596.75;2627654324.19;"2025-02-18T23:59:59.999Z"
"2025-02-17T00:00:00.000Z";"2025-02-17T23:59:59.999Z";"2025-02-17T01:56:00.000Z";"2025-02-17T19:16:00.000Z";"2781";0.1090285134;0.1119890143;0.1039677482;0.1047002844;71865843.63;2695866877.88;"2025-02-17T23:59:59.999Z"
"2025-02-16T00:00:00.000Z";"2025-02-16T23:59:59.999Z";"2025-02-16T08:40:00.000Z";"2025-02-16T00:00:00.000Z";"2781";0.10710026;0.1120717699;0.1070953016;0.1090285134;59766189.83;2805157335.17;"2025-02-16T23:59:59.999Z"
"2025-02-15T00:00:00.000Z";"2025-02-15T23:59:59.999Z";"2025-02-15T13:40:00.000Z";"2025-02-15T07:25:00.000Z";"2781";0.1067668591;0.1100084324;0.1051523471;0.1071003284;53686449.1;2754941923.68;"2025-02-15T23:59:59.999Z"
"2025-02-14T00:00:00.000Z";"2025-02-14T23:59:59.999Z";"2025-02-14T20:18:00.000Z";"2025-02-14T00:50:00.000Z";"2781";0.1023538716;0.1117533157;0.1014507474;0.1067668591;96361930.99;2747265886.77;"2025-02-14T23:59:59.999Z"
"2025-02-13T00:00:00.000Z";"2025-02-13T23:59:59.999Z";"2025-02-13T19:23:00.000Z";"2025-02-13T14:20:00.000Z";"2781";0.0982557258;0.1067627971;0.0953677586;0.1023538716;105255314.42;2633134565.22;"2025-02-13T23:59:59.999Z"
"2025-02-12T00:00:00.000Z";"2025-02-12T23:59:59.999Z";"2025-02-12T22:46:00.000Z";"2025-02-12T14:32:00.000Z";"2781";0.0959157371;0.1001471116;0.0894937782;0.0982557258;99545650.46;2525765061.64;"2025-02-12T23:59:59.999Z"
"2025-02-11T00:00:00.000Z";"2025-02-11T23:59:59.999Z";"2025-02-11T09:12:00.000Z";"2025-02-11T00:07:00.000Z";"2781";0.0929458681;0.1099395523;0.0928278249;0.0959157371;124866134.71;2466423138.43;"2025-02-11T23:59:59.999Z"
"2025-02-10T00:00:00.000Z";"2025-02-10T23:59:59.999Z";"2025-02-10T23:04:00.000Z";"2025-02-10T02:33:00.000Z";"2781";0.0865875903;0.0936668334;0.0842545202;0.0929458681;51251350.49;2388217440.93;"2025-02-10T23:59:59.999Z"
"2025-02-09T00:00:00.000Z";"2025-02-09T23:59:59.999Z";"2025-02-09T12:07:00.000Z";"2025-02-09T21:53:00.000Z";"2781";0.0883665404;0.0901355552;0.0823534391;0.0865875903;53628116.34;2225575663.95;"2025-02-09T23:59:59.999Z"
"2025-02-08T00:00:00.000Z";"2025-02-08T23:59:59.999Z";"2025-02-08T23:46:00.000Z";"2025-02-08T16:23:00.000Z";"2781";0.0873787691;0.0890625312;0.0849492981;0.0883665404;43728039.84;2269553661.92;"2025-02-08T23:59:59.999Z"
"2025-02-07T00:00:00.000Z";"2025-02-07T23:59:59.999Z";"2025-02-07T14:16:00.000Z";"2025-02-07T07:13:00.000Z";"2781";0.0830533845;0.0948610524;0.082845314;0.0873764162;100229592.28;2243689985.13;"2025-02-07T23:59:59.999Z"
"2025-02-06T00:00:00.000Z";"2025-02-06T23:59:59.999Z";"2025-02-06T00:41:00.000Z";"2025-02-06T23:46:00.000Z";"2781";0.0921536537;0.0932405394;0.0818593546;0.0830528787;117838249.25;2133325854.41;"2025-02-06T23:59:59.999Z"
"2025-02-05T00:00:00.000Z";"2025-02-05T23:59:59.999Z";"2025-02-05T12:21:00.000Z";"2025-02-05T23:34:00.000Z";"2781";0.0991595069;0.0999227935;0.0920700136;0.0921515485;74455573.7;2365201439.51;"2025-02-05T23:59:59.999Z"
"2025-02-04T00:00:00.000Z";"2025-02-04T23:59:59.999Z";"2025-02-04T00:07:00.000Z";"2025-02-04T21:46:00.000Z";"2781";0.1102796519;0.1106865328;0.0942807778;0.0991595069;120812600.45;2544509724.53;"2025-02-04T23:59:59.999Z"
"2025-02-03T00:00:00.000Z";"2025-02-03T23:59:59.999Z";"2025-02-03T00:01:00.000Z";"2025-02-03T02:04:00.000Z";"2781";0.1153293844;0.1154149806;0.0753515811;0.1102796519;408181127.66;2829237956.78;"2025-02-03T23:59:59.999Z"
"2025-02-02T00:00:00.000Z";"2025-02-02T23:59:59.999Z";"2025-02-02T01:10:00.000Z";"2025-02-02T22:43:00.000Z";"2781";0.1218932164;0.124381587;0.1123088291;0.1153293844;119417074.98;2959737599.4;"2025-02-02T23:59:59.999Z"
"2025-02-01T00:00:00.000Z";"2025-02-01T23:59:59.999Z";"2025-02-01T05:39:00.000Z";"2025-02-01T23:28:00.000Z";"2781";0.1298209962;0.1310122746;0.1216224733;0.1218932164;49866739.05;3125737444.44;"2025-02-01T23:59:59.999Z"
"2025-01-31T00:00:00.000Z";"2025-01-31T23:59:59.999Z";"2025-01-31T13:16:00.000Z";"2025-01-31T20:28:00.000Z";"2781";0.1314254106;0.1332611562;0.128704006;0.1298224625;52389720.7;3330118885.7;"2025-01-31T23:59:59.999Z"
"2025-01-30T00:00:00.000Z";"2025-01-30T23:59:59.999Z";"2025-01-30T13:20:00.000Z";"2025-01-30T00:33:00.000Z";"2781";0.1229576669;0.1349091821;0.1222902676;0.1314254106;67809851.26;3368593064.92;"2025-01-30T23:59:59.999Z"
"2025-01-29T00:00:00.000Z";"2025-01-29T23:59:59.999Z";"2025-01-29T22:38:00.000Z";"2025-01-29T19:29:00.000Z";"2781";0.1214786045;0.1246796952;0.1187824505;0.1229546925;68159117;3152549614.51;"2025-01-29T23:59:59.999Z"
"2025-01-28T00:00:00.000Z";"2025-01-28T23:59:59.999Z";"2025-01-28T00:15:00.000Z";"2025-01-28T23:37:00.000Z";"2781";0.1281285988;0.1291545181;0.1204417478;0.1214786045;60763372.02;3112185788.77;"2025-01-28T23:59:59.999Z"
"2025-01-27T00:00:00.000Z";"2025-01-27T23:59:59.999Z";"2025-01-27T00:13:00.000Z";"2025-01-27T07:31:00.000Z";"2781";0.1286925593;0.1292235372;0.1179383083;0.1281285988;114786722.55;3281817091.85;"2025-01-27T23:59:59.999Z"
"2025-01-26T00:00:00.000Z";"2025-01-26T23:59:59.999Z";"2025-01-26T02:02:00.000Z";"2025-01-26T23:56:00.000Z";"2781";0.131777669;0.1339470182;0.1286692855;0.1286925593;41634980.36;3297274446.68;"2025-01-26T23:59:59.999Z"
"2025-01-25T00:00:00.000Z";"2025-01-25T23:59:59.999Z";"2025-01-25T16:17:00.000Z";"2025-01-25T10:31:00.000Z";"2781";0.1316184532;0.1343993601;0.1279459654;0.131777669;50230675.2;3375528998.27;"2025-01-25T23:59:59.999Z"
"2025-01-24T00:00:00.000Z";"2025-01-24T23:59:59.999Z";"2025-01-24T14:47:00.000Z";"2025-01-24T02:34:00.000Z";"2781";0.1301672577;0.1347614831;0.1277887614;0.1316337783;57906461.35;3369196447.26;"2025-01-24T23:59:59.999Z"
"2025-01-23T00:00:00.000Z";"2025-01-23T23:59:59.999Z";"2025-01-23T15:08:00.000Z";"2025-01-23T11:14:00.000Z";"2781";0.1304680657;0.1333363711;0.1259727022;0.1301672577;76241727.28;3330934801.09;"2025-01-23T23:59:59.999Z"
"2025-01-22T00:00:00.000Z";"2025-01-22T23:59:59.999Z";"2025-01-22T02:29:00.000Z";"2025-01-22T15:31:00.000Z";"2781";0.1362043375;0.1375946993;0.1293657724;0.1304680657;59520736.78;3339635711.46;"2025-01-22T23:59:59.999Z"
"2025-01-21T00:00:00.000Z";"2025-01-21T23:59:59.999Z";"2025-01-21T18:03:00.000Z";"2025-01-21T06:04:00.000Z";"2781";0.1271757956;0.1407054021;0.1246149975;0.1362043375;114919646.84;3485650887.87;"2025-01-21T23:59:59.999Z"
"2025-01-20T00:00:00.000Z";"2025-01-20T23:59:59.999Z";"2025-01-20T07:16:00.000Z";"2025-01-20T01:56:00.000Z";"2781";0.1242463535;0.134378228;0.1225041547;0.1271757956;180231943.45;3253836817.83;"2025-01-20T23:59:59.999Z"
"2025-01-19T00:00:00.000Z";"2025-01-19T23:59:59.999Z";"2025-01-19T01:52:00.000Z";"2025-01-19T09:25:00.000Z";"2781";0.1407053483;0.1412702708;0.1230758453;0.1242455678;232032920.3;3176388310.2;"2025-01-19T23:59:59.999Z"
"2025-01-18T00:00:00.000Z";"2025-01-18T23:59:59.999Z";"2025-01-18T01:07:00.000Z";"2025-01-18T16:43:00.000Z";"2781";0.1540982643;0.1562108009;0.1380196196;0.1407053483;131710750.28;3598307428.79;"2025-01-18T23:59:59.999Z"
"2025-01-17T00:00:00.000Z";"2025-01-17T23:59:59.999Z";"2025-01-17T23:46:00.000Z";"2025-01-17T00:00:00.000Z";"2781";0.1456476121;0.1548287138;0.1456427608;0.1540995147;107767289.12;3939884814.52;"2025-01-17T23:59:59.999Z"
"2025-01-16T00:00:00.000Z";"2025-01-16T23:59:59.999Z";"2025-01-16T12:43:00.000Z";"2025-01-16T00:48:00.000Z";"2781";0.1379258883;0.1532158922;0.136749909;0.1456476121;124487379.52;3720896511.07;"2025-01-16T23:59:59.999Z"
"2025-01-15T00:00:00.000Z";"2025-01-15T23:59:59.999Z";"2025-01-15T20:16:00.000Z";"2025-01-15T11:37:00.000Z";"2781";0.1371590297;0.1400401782;0.1326236895;0.137924966;99101303.14;3524741108.92;"2025-01-15T23:59:59.999Z"
"2025-01-14T00:00:00.000Z";"2025-01-14T23:59:59.999Z";"2025-01-14T19:11:00.000Z";"2025-01-14T00:00:00.000Z";"2781";0.1171503666;0.1395750784;0.1171385286;0.1371590297;149300973.29;3502384924.61;"2025-01-14T23:59:59.999Z"
"2025-01-13T00:00:00.000Z";"2025-01-13T23:59:59.999Z";"2025-01-13T00:37:00.000Z";"2025-01-13T12:04:00.000Z";"2781";0.1166708046;0.1180018263;0.1081137271;0.1171503666;137424188.37;2992403176;"2025-01-13T23:59:59.999Z"
"2025-01-12T00:00:00.000Z";"2025-01-12T23:59:59.999Z";"2025-01-12T20:31:00.000Z";"2025-01-12T01:31:00.000Z";"2781";0.1162604005;0.1193897404;0.1158909286;0.1166708046;52444087.91;2979453814;"2025-01-12T23:59:59.999Z"
"2025-01-11T00:00:00.000Z";"2025-01-11T23:59:59.999Z";"2025-01-11T04:23:00.000Z";"2025-01-11T00:28:00.000Z";"2781";0.1147094024;0.1180373467;0.1142255281;0.1162604005;55579482.59;2968277099.95;"2025-01-11T23:59:59.999Z"
"2025-01-10T00:00:00.000Z";"2025-01-10T23:59:59.999Z";"2025-01-10T10:10:00.000Z";"2025-01-10T17:12:00.000Z";"2781";0.112946769;0.1162864674;0.1126454555;0.1147094024;79195743.72;2927991626.11;"2025-01-10T23:59:59.999Z"
"2025-01-09T00:00:00.000Z";"2025-01-09T23:59:59.999Z";"2025-01-09T01:28:00.000Z";"2025-01-09T22:16:00.000Z";"2781";0.117116072;0.1181959414;0.1111214264;0.1129478682;117975998.32;2882323004.83;"2025-01-09T23:59:59.999Z"
"2025-01-08T00:00:00.000Z";"2025-01-08T23:59:59.999Z";"2025-01-08T21:06:00.000Z";"2025-01-08T07:03:00.000Z";"2781";0.1139325577;0.1174860345;0.1092551178;0.117116072;145588769.75;2988018463.19;"2025-01-08T23:59:59.999Z"
"2025-01-07T00:00:00.000Z";"2025-01-07T23:59:59.999Z";"2025-01-07T00:40:00.000Z";"2025-01-07T20:05:00.000Z";"2781";0.1233841236;0.1238221515;0.1134522306;0.1139325577;120710447.16;2904507023.92;"2025-01-07T23:59:59.999Z"
"2025-01-06T00:00:00.000Z";"2025-01-06T23:59:59.999Z";"2025-01-06T16:31:00.000Z";"2025-01-06T10:14:00.000Z";"2781";0.1243857247;0.1264824775;0.120972173;0.1233842897;101263347.29;3144722738.46;"2025-01-06T23:59:59.999Z"
"2025-01-05T00:00:00.000Z";"2025-01-05T23:59:59.999Z";"2025-01-05T00:22:00.000Z";"2025-01-05T18:15:00.000Z";"2781";0.1264121201;0.1265577421;0.1217619745;0.1243857247;78187770.22;3169501708.09;"2025-01-05T23:59:59.999Z"
"2025-01-04T00:00:00.000Z";"2025-01-04T23:59:59.999Z";"2025-01-04T00:27:00.000Z";"2025-01-04T10:12:00.000Z";"2781";0.1288214586;0.1294818924;0.1257649816;0.1264121201;90822207.98;3220378881.98;"2025-01-04T23:59:59.999Z"
"2025-01-03T00:00:00.000Z";"2025-01-03T23:59:59.999Z";"2025-01-03T20:49:00.000Z";"2025-01-03T09:02:00.000Z";"2781";0.1226319218;0.1300924115;0.1202964149;0.1288214586;116603478.4;3282789198.18;"2025-01-03T23:59:59.999Z"
"2025-01-02T00:00:00.000Z";"2025-01-02T23:59:59.999Z";"2025-01-02T10:14:00.000Z";"2025-01-02T00:08:00.000Z";"2781";0.1169476577;0.1262913823;0.1168934258;0.1226335692;119879053.51;3122589336.29;"2025-01-02T23:59:59.999Z"
"2025-01-01T00:00:00.000Z";"2025-01-01T23:59:59.999Z";"2025-01-01T20:48:00.000Z";"2025-01-01T09:44:00.000Z";"2781";0.1146132874;0.1176879897;0.1123917976;0.1169480207;75598839.25;2978725806.52;"2025-01-01T23:59:59.999Z"
"2024-12-31T00:00:00.000Z";"2024-12-31T23:59:59.999Z";"2024-12-31T14:31:00.000Z";"2024-12-31T05:55:00.000Z";"2781";0.1153775468;0.1172375299;0.1133373651;0.1146132874;75055890.78;2916904833.37;"2024-12-31T23:59:59.999Z"
"2024-12-30T00:00:00.000Z";"2024-12-30T23:59:59.999Z";"2024-12-30T20:07:00.000Z";"2024-12-30T15:25:00.000Z";"2781";0.1155496048;0.1188376316;0.1128981165;0.1153775468;97749256.96;2937248142.75;"2024-12-30T23:59:59.999Z"
"2024-12-29T00:00:00.000Z";"2024-12-29T23:59:59.999Z";"2024-12-29T06:43:00.000Z";"2024-12-29T23:16:00.000Z";"2781";0.1204633069;0.1212124357;0.1148760982;0.1155496048;73542982.07;2940892669.93;"2024-12-29T23:59:59.999Z"
"2024-12-28T00:00:00.000Z";"2024-12-28T23:59:59.999Z";"2024-12-28T17:57:00.000Z";"2024-12-28T06:49:00.000Z";"2781";0.1176725138;0.1219783671;0.1159699725;0.1204633069;97536104.25;3065187245.91;"2024-12-28T23:59:59.999Z"
"2024-12-27T00:00:00.000Z";"2024-12-27T23:59:59.999Z";"2024-12-27T19:58:00.000Z";"2024-12-27T00:22:00.000Z";"2781";0.1117872845;0.1188779651;0.1110444295;0.1176725138;124110245.16;2991757952.13;"2024-12-27T23:59:59.999Z"
"2024-12-26T00:00:00.000Z";"2024-12-26T23:59:59.999Z";"2024-12-26T00:24:00.000Z";"2024-12-26T17:35:00.000Z";"2781";0.1195360752;0.1211750593;0.1111254172;0.1117874685;163899735.51;2842994802.75;"2024-12-26T23:59:59.999Z"
"2024-12-25T00:00:00.000Z";"2024-12-25T23:59:59.999Z";"2024-12-25T19:50:00.000Z";"2024-12-25T08:13:00.000Z";"2781";0.1182391155;0.1210385139;0.1166049519;0.1195360752;112173359.48;3039283561.77;"2024-12-25T23:59:59.999Z"
"2024-12-24T00:00:00.000Z";"2024-12-24T23:59:59.999Z";"2024-12-24T03:43:00.000Z";"2024-12-24T10:46:00.000Z";"2781";0.1216737798;0.1230939652;0.1152657108;0.1182391155;215008773.07;3003885641.16;"2024-12-24T23:59:59.999Z"
"2024-12-23T00:00:00.000Z";"2024-12-23T23:59:59.999Z";"2024-12-23T23:02:00.000Z";"2024-12-23T01:22:00.000Z";"2781";0.1162412486;0.1229457476;0.1143580465;0.1216737798;184906378.45;3092087397.98;"2024-12-23T23:59:59.999Z"
"2024-12-22T00:00:00.000Z";"2024-12-22T23:59:59.999Z";"2024-12-22T13:49:00.000Z";"2024-12-22T20:10:00.000Z";"2781";0.1187292915;0.1225505175;0.1151134418;0.1162412486;155900615.16;2953291674.94;"2024-12-22T23:59:59.999Z"
"2024-12-21T00:00:00.000Z";"2024-12-21T23:59:59.999Z";"2024-12-21T07:56:00.000Z";"2024-12-21T23:10:00.000Z";"2781";0.1231526227;0.1291857309;0.1171410406;0.1187292915;157875501.57;3015737676.51;"2024-12-21T23:59:59.999Z"
"2024-12-20T00:00:00.000Z";"2024-12-20T23:59:59.999Z";"2024-12-20T03:28:00.000Z";"2024-12-20T12:11:00.000Z";"2781";0.120967527;0.1267365698;0.1105290298;0.1231526227;340212392.11;3127307749.33;"2024-12-20T23:59:59.999Z"
"2024-12-19T00:00:00.000Z";"2024-12-19T23:59:59.999Z";"2024-12-19T10:55:00.000Z";"2024-12-19T20:12:00.000Z";"2781";0.1273207925;0.1321089637;0.1156723692;0.1209680997;319781175.92;3069358878.08;"2024-12-19T23:59:59.999Z"
"2024-12-18T00:00:00.000Z";"2024-12-18T23:59:59.999Z";"2024-12-18T00:01:00.000Z";"2024-12-18T21:10:00.000Z";"2781";0.1394045063;0.1394755908;0.1249229294;0.1273160867;270143451.15;3229613505.96;"2024-12-18T23:59:59.999Z"
"2024-12-17T00:00:00.000Z";"2024-12-17T23:59:59.999Z";"2024-12-17T00:00:00.000Z";"2024-12-17T23:16:00.000Z";"2781";0.1482422456;0.1482422456;0.1383019139;0.1394066628;251160362.2;3535417004;"2024-12-17T23:59:59.999Z"
"2024-12-16T00:00:00.000Z";"2024-12-16T23:59:59.999Z";"2024-12-16T00:52:00.000Z";"2024-12-16T23:29:00.000Z";"2781";0.1566114511;0.1578281756;0.148081766;0.1482422456;216871538.66;3758542287.84;"2024-12-16T23:59:59.999Z"
"2024-12-15T00:00:00.000Z";"2024-12-15T23:59:59.999Z";"2024-12-15T14:10:00.000Z";"2024-12-15T22:10:00.000Z";"2781";0.1567871139;0.1579386685;0.1522612554;0.1566114511;117202314.64;3969734818.53;"2024-12-15T23:59:59.999Z"
"2024-12-14T00:00:00.000Z";"2024-12-14T23:59:59.999Z";"2024-12-14T01:31:00.000Z";"2024-12-14T18:57:00.000Z";"2781";0.162092492;0.1630086761;0.1533092144;0.1567871139;145149630.27;3975394066.85;"2024-12-14T23:59:59.999Z"
"2024-12-13T00:00:00.000Z";"2024-12-13T23:59:59.999Z";"2024-12-13T00:28:00.000Z";"2024-12-13T16:07:00.000Z";"2781";0.1631266748;0.1641744426;0.1581229311;0.162092492;160258381.87;4108877277.53;"2024-12-13T23:59:59.999Z"
"2024-12-12T00:00:00.000Z";"2024-12-12T23:59:59.999Z";"2024-12-12T09:23:00.000Z";"2024-12-12T22:13:00.000Z";"2781";0.1644570003;0.1729264371;0.1608434068;0.1631266748;269254218.54;4134023051.04;"2024-12-12T23:59:59.999Z"
"2024-12-11T00:00:00.000Z";"2024-12-11T23:59:59.999Z";"2024-12-11T17:26:00.000Z";"2024-12-11T02:17:00.000Z";"2781";0.1572781305;0.1683409829;0.1521565409;0.1644570003;242971274.95;4166689089.21;"2024-12-11T23:59:59.999Z"
"2024-12-10T00:00:00.000Z";"2024-12-10T23:59:59.999Z";"2024-12-10T00:39:00.000Z";"2024-12-10T18:13:00.000Z";"2781";0.1650332093;0.1663830831;0.1496925972;0.1572781305;376799077.82;3983793908.83;"2024-12-10T23:59:59.999Z"
"2024-12-09T00:00:00.000Z";"2024-12-09T23:59:59.999Z";"2024-12-09T00:06:00.000Z";"2024-12-09T21:10:00.000Z";"2781";0.1886072321;0.1890240931;0.1548326164;0.1650332093;383775010.68;4179162864.75;"2024-12-09T23:59:59.999Z"
"2024-12-08T00:00:00.000Z";"2024-12-08T23:59:59.999Z";"2024-12-08T23:22:00.000Z";"2024-12-08T09:56:00.000Z";"2781";0.1861775474;0.1890306393;0.1791275352;0.1886072321;269023652.45;4774906928.71;"2024-12-08T23:59:59.999Z"
"2024-12-07T00:00:00.000Z";"2024-12-07T23:59:59.999Z";"2024-12-07T22:10:00.000Z";"2024-12-07T08:44:00.000Z";"2781";0.1747366097;0.1879664839;0.1686182845;0.1849046022;408358135.05;4679987785.91;"2024-12-07T23:59:59.999Z"
"2024-12-06T00:00:00.000Z";"2024-12-06T23:59:59.999Z";"2024-12-06T23:50:00.000Z";"2024-12-06T00:07:00.000Z";"2781";0.15890093;0.1752614173;0.1585696373;0.1747366097;349154313.41;4421513612.62;"2024-12-06T23:59:59.999Z"
"2024-12-05T00:00:00.000Z";"2024-12-05T23:59:59.999Z";"2024-12-05T17:55:00.000Z";"2024-12-05T01:28:00.000Z";"2781";0.1588782812;0.1634115085;0.1539433717;0.1590960743;260351646.12;4024663539.26;"2024-12-05T23:59:59.999Z"
"2024-12-04T00:00:00.000Z";"2024-12-04T23:59:59.999Z";"2024-12-04T11:51:00.000Z";"2024-12-04T23:32:00.000Z";"2781";0.1590407284;0.1653941539;0.1574168661;0.1588782812;293914852.39;4018129870.11;"2024-12-04T23:59:59.999Z"
"2024-12-03T00:00:00.000Z";"2024-12-03T23:59:59.999Z";"2024-12-03T23:29:00.000Z";"2024-12-03T14:37:00.000Z";"2781";0.158342381;0.1597587853;0.1491603706;0.1590407284;278836607.96;4021181015.54;"2024-12-03T23:59:59.999Z"
"2024-12-02T00:00:00.000Z";"2024-12-02T23:59:59.999Z";"2024-12-02T01:59:00.000Z";"2024-12-02T18:01:00.000Z";"2781";0.1691301953;0.1719899375;0.1533807901;0.1583420241;285068124.29;4002415810.91;"2024-12-02T23:59:59.999Z"
"2024-12-01T00:00:00.000Z";"2024-12-01T23:59:59.999Z";"2024-12-01T14:26:00.000Z";"2024-12-01T02:43:00.000Z";"2781";0.1612795191;0.1696842963;0.1576520218;0.1691301953;225490758.79;4271557118.69;"2024-12-01T23:59:59.999Z"
"2024-11-30T00:00:00.000Z";"2024-11-30T23:59:59.999Z";"2024-11-30T08:23:00.000Z";"2024-11-30T00:46:00.000Z";"2781";0.1542939634;0.1651041374;0.1534882836;0.1612795191;207403129.81;4072174248.4;"2024-11-30T23:59:59.999Z"
"2024-11-29T00:00:00.000Z";"2024-11-29T23:59:59.999Z";"2024-11-29T22:41:00.000Z";"2024-11-29T08:00:00.000Z";"2781";0.1518108179;0.1558169992;0.1491516327;0.1542939634;123157543.08;3896890026.92;"2024-11-29T23:59:59.999Z"
"2024-11-28T00:00:00.000Z";"2024-11-28T23:59:59.999Z";"2024-11-28T00:01:00.000Z";"2024-11-28T15:56:00.000Z";"2781";0.1535562052;0.1535850772;0.148316666;0.1518106683;119933762.51;3833072285.39;"2024-11-28T23:59:59.999Z"
"2024-11-27T00:00:00.000Z";"2024-11-27T23:59:59.999Z";"2024-11-27T23:43:00.000Z";"2024-11-27T12:31:00.000Z";"2781";0.1490918261;0.1536547653;0.1464109593;0.1535562052;145180660.71;3876078702.25;"2024-11-27T23:59:59.999Z"
"2024-11-26T00:00:00.000Z";"2024-11-26T23:59:59.999Z";"2024-11-26T01:37:00.000Z";"2024-11-26T11:33:00.000Z";"2781";0.149736762;0.1524344509;0.1419341432;0.1490918261;157670521.15;3760251384.36;"2024-11-26T23:59:59.999Z"
"2024-11-25T00:00:00.000Z";"2024-11-25T23:59:59.999Z";"2024-11-25T12:58:00.000Z";"2024-11-25T22:41:00.000Z";"2781";0.1523919945;0.1576522237;0.1471388456;0.149736762;203746493.01;3777582079.05;"2024-11-25T23:59:59.999Z"
"2024-11-24T00:00:00.000Z";"2024-11-24T23:59:59.999Z";"2024-11-24T01:13:00.000Z";"2024-11-24T12:51:00.000Z";"2781";0.1535958465;0.1575420435;0.1451990808;0.152393055;211094293.79;3845797437.01;"2024-11-24T23:59:59.999Z"
"2024-11-23T00:00:00.000Z";"2024-11-23T23:59:59.999Z";"2024-11-23T13:10:00.000Z";"2024-11-23T20:31:00.000Z";"2781";0.1536060447;0.1644968998;0.1506098533;0.1535958465;234395855.32;3870624294.63;"2024-11-23T23:59:59.999Z"
"2024-11-22T00:00:00.000Z";"2024-11-22T23:59:59.999Z";"2024-11-22T23:56:00.000Z";"2024-11-22T13:31:00.000Z";"2781";0.1533586051;0.153724026;0.1461094668;0.1536059122;149519602.01;3871981883.69;"2024-11-22T23:59:59.999Z"
"2024-11-21T00:00:00.000Z";"2024-11-21T23:59:59.999Z";"2024-11-21T13:46:00.000Z";"2024-11-21T02:43:00.000Z";"2781";0.1518364936;0.1571405074;0.145477658;0.1533586051;173223510.63;3864705178.98;"2024-11-21T23:59:59.999Z"
"2024-11-20T00:00:00.000Z";"2024-11-20T23:59:59.999Z";"2024-11-20T07:18:00.000Z";"2024-11-20T19:30:00.000Z";"2781";0.1593022168;0.1663121679;0.1496371756;0.1518366772;195482470.54;3823173702.49;"2024-11-20T23:59:59.999Z"
"2024-11-19T00:00:00.000Z";"2024-11-19T23:59:59.999Z";"2024-11-19T12:29:00.000Z";"2024-11-19T22:35:00.000Z";"2781";0.1706630243;0.1778220952;0.156232394;0.1593022168;257362993.04;4012327877.59;"2024-11-19T23:59:59.999Z"
"2024-11-18T00:00:00.000Z";"2024-11-18T23:59:59.999Z";"2024-11-18T10:53:00.000Z";"2024-11-18T00:26:00.000Z";"2781";0.1502079627;0.1747309675;0.1489264278;0.1706630243;267672792.62;4294874573.99;"2024-11-18T23:59:59.999Z"
"2024-11-17T00:00:00.000Z";"2024-11-17T23:59:59.999Z";"2024-11-17T16:40:00.000Z";"2024-11-17T02:16:00.000Z";"2781";0.146707319;0.1555698199;0.1407464648;0.1502079627;151486752.84;3781233808.76;"2024-11-17T23:59:59.999Z"
"2024-11-16T00:00:00.000Z";"2024-11-16T23:59:59.999Z";"2024-11-16T08:35:00.000Z";"2024-11-16T01:23:00.000Z";"2781";0.1390528412;0.1490296532;0.136161093;0.146707319;139816371.66;3690031187.94;"2024-11-16T23:59:59.999Z"
"2024-11-15T00:00:00.000Z";"2024-11-15T23:59:59.999Z";"2024-11-15T22:56:00.000Z";"2024-11-15T15:25:00.000Z";"2781";0.1401873242;0.142434247;0.1268845643;0.1424174377;218531279.8;3583161988.56;"2024-11-15T23:59:59.999Z"
"2024-11-14T00:00:00.000Z";"2024-11-14T23:59:59.999Z";"2024-11-14T18:39:00.000Z";"2024-11-14T15:37:00.000Z";"2781";0.1278742658;0.1524279719;0.1223699854;0.1401873242;288612438.32;3526149084.03;"2024-11-14T23:59:59.999Z"
"2024-11-13T00:00:00.000Z";"2024-11-13T23:59:59.999Z";"2024-11-13T01:16:00.000Z";"2024-11-13T21:22:00.000Z";"2781";0.1388335621;0.1413193204;0.1243818347;0.1278742658;170666195.5;3215576581.49;"2024-11-13T23:59:59.999Z"
"2024-11-12T00:00:00.000Z";"2024-11-12T23:59:59.999Z";"2024-11-12T00:01:00.000Z";"2024-11-12T13:54:00.000Z";"2781";0.1530700486;0.1531360277;0.1326029746;0.1388335621;269448518.96;3490227997.08;"2024-11-12T23:59:59.999Z"
"2024-11-11T00:00:00.000Z";"2024-11-11T23:59:59.999Z";"2024-11-11T10:28:00.000Z";"2024-11-11T06:22:00.000Z";"2781";0.1518483642;0.1574662875;0.1473190802;0.1530700486;261951312.46;3847098945.32;"2024-11-11T23:59:59.999Z"
"2024-11-10T00:00:00.000Z";"2024-11-10T23:59:59.999Z";"2024-11-10T18:39:00.000Z";"2024-11-10T01:20:00.000Z";"2781";0.1344819617;0.1615526982;0.1323979631;0.1518483642;578032472.59;3813219759.91;"2024-11-10T23:59:59.999Z"
"2024-11-09T00:00:00.000Z";"2024-11-09T23:59:59.999Z";"2024-11-09T23:44:00.000Z";"2024-11-09T04:16:00.000Z";"2781";0.1119897851;0.1359941869;0.109950262;0.1344819617;239768753.65;3378107446.43;"2024-11-09T23:59:59.999Z"
"2024-11-08T00:00:00.000Z";"2024-11-08T23:59:59.999Z";"2024-11-08T00:49:00.000Z";"2024-11-08T17:11:00.000Z";"2781";0.1145343831;0.1159543454;0.1072913106;0.1119897851;117657944.84;2812336805.25;"2024-11-08T23:59:59.999Z"
"2024-11-07T00:00:00.000Z";"2024-11-07T23:59:59.999Z";"2024-11-07T03:02:00.000Z";"2024-11-07T23:22:00.000Z";"2781";0.120139232;0.1235555651;0.1124409756;0.1145343831;127293994.24;2875484389.76;"2024-11-07T23:59:59.999Z"
"2024-11-06T00:00:00.000Z";"2024-11-06T23:59:59.999Z";"2024-11-06T07:41:00.000Z";"2024-11-06T00:01:00.000Z";"2781";0.1110893159;0.1235846349;0.1109541496;0.120139232;153463301.28;3015372281.12;"2024-11-06T23:59:59.999Z"
"2024-11-05T00:00:00.000Z";"2024-11-05T23:59:59.999Z";"2024-11-05T17:11:00.000Z";"2024-11-05T00:01:00.000Z";"2781";0.1036992774;0.1138686639;0.1036729598;0.1110893159;66593822.5;2785905677.97;"2024-11-05T23:59:59.999Z"
"2024-11-04T00:00:00.000Z";"2024-11-04T23:59:59.999Z";"2024-11-04T04:11:00.000Z";"2024-11-04T17:07:00.000Z";"2781";0.1082613072;0.1105349496;0.1013989318;0.1036992774;60263849.66;2599857715.27;"2024-11-04T23:59:59.999Z"
"2024-11-03T00:00:00.000Z";"2024-11-03T23:59:59.999Z";"2024-11-03T00:16:00.000Z";"2024-11-03T15:10:00.000Z";"2781";0.1126862965;0.1129479734;0.1060149;0.1082613072;61328287.39;2714873450.61;"2024-11-03T23:59:59.999Z"
"2024-11-02T00:00:00.000Z";"2024-11-02T23:59:59.999Z";"2024-11-02T07:28:00.000Z";"2024-11-02T17:44:00.000Z";"2781";0.1165543881;0.1172977773;0.1113495164;0.1126862965;38275643.71;2825014043.44;"2024-11-02T23:59:59.999Z"
"2024-11-01T00:00:00.000Z";"2024-11-01T23:59:59.999Z";"2024-11-01T11:16:00.000Z";"2024-11-01T07:49:00.000Z";"2781";0.1142172004;0.1205307751;0.1132535907;0.1165534415;110141937.2;2921117541.06;"2024-11-01T23:59:59.999Z"
"2024-10-31T00:00:00.000Z";"2024-10-31T23:59:59.999Z";"2024-10-31T04:04:00.000Z";"2024-10-31T07:07:00.000Z";"2781";0.1125914321;0.1180284055;0.112149138;0.1142172004;129619280.84;2860103456.1;"2024-10-31T23:59:59.999Z"
"2024-10-30T00:00:00.000Z";"2024-10-30T23:59:59.999Z";"2024-10-30T03:10:00.000Z";"2024-10-30T11:28:00.000Z";"2781";0.1127793317;0.1142478721;0.1053190019;0.1125914321;110075343.26;2820165171.49;"2024-10-30T23:59:59.999Z"
"2024-10-29T00:00:00.000Z";"2024-10-29T23:59:59.999Z";"2024-10-29T02:47:00.000Z";"2024-10-29T20:01:00.000Z";"2781";0.1191393791;0.1217340357;0.1087136479;0.1127793317;114162891.12;2823972728.69;"2024-10-29T23:59:59.999Z"
"2024-10-28T00:00:00.000Z";"2024-10-28T23:59:59.999Z";"2024-10-28T00:19:00.000Z";"2024-10-28T15:07:00.000Z";"2781";0.1211763206;0.1217468351;0.1162832336;0.1191393791;49988694.87;2982373591.1;"2024-10-28T23:59:59.999Z"
"2024-10-27T00:00:00.000Z";"2024-10-27T23:59:59.999Z";"2024-10-27T17:01:00.000Z";"2024-10-27T02:58:00.000Z";"2781";0.1180134591;0.1246512733;0.116366065;0.1211763206;38869912.33;3030646128.72;"2024-10-27T23:59:59.999Z"
"2024-10-26T00:00:00.000Z";"2024-10-26T23:59:59.999Z";"2024-10-26T08:53:00.000Z";"2024-10-26T00:10:00.000Z";"2781";0.1127232712;0.1202198671;0.1098788499;0.1180134591;113753747.19;2952302579.63;"2024-10-26T23:59:59.999Z"
"2024-10-25T00:00:00.000Z";"2024-10-25T23:59:59.999Z";"2024-10-25T14:02:00.000Z";"2024-10-25T23:31:00.000Z";"2781";0.1292305229;0.130841288;0.1048532863;0.1127232712;93933571.55;2817545686.83;"2024-10-25T23:59:59.999Z"
"2024-10-24T00:00:00.000Z";"2024-10-24T23:59:59.999Z";"2024-10-24T05:46:00.000Z";"2024-10-24T18:22:00.000Z";"2781";0.1311722298;0.1339268119;0.1290600206;0.1292305229;38382751.56;3229138331.96;"2024-10-24T23:59:59.999Z"
"2024-10-23T00:00:00.000Z";"2024-10-23T23:59:59.999Z";"2024-10-23T00:13:00.000Z";"2024-10-23T18:07:00.000Z";"2781";0.1359803291;0.1365829503;0.1284085005;0.1304459241;49228786.31;3260208379.15;"2024-10-23T23:59:59.999Z"
"2024-10-22T00:00:00.000Z";"2024-10-22T23:59:59.999Z";"2024-10-22T12:13:00.000Z";"2024-10-22T00:42:00.000Z";"2781";0.1297565107;0.1381762826;0.1283962648;0.1359803291;83672225.86;3397536622.56;"2024-10-22T23:59:59.999Z"
"2024-10-21T00:00:00.000Z";"2024-10-21T23:59:59.999Z";"2024-10-21T01:31:00.000Z";"2024-10-21T16:37:00.000Z";"2781";0.1330425365;0.1352988726;0.1274794334;0.1297565107;49517704.92;3239866426.22;"2024-10-21T23:59:59.999Z"
"2024-10-20T00:00:00.000Z";"2024-10-20T23:59:59.999Z";"2024-10-20T23:36:00.000Z";"2024-10-20T05:32:00.000Z";"2781";0.129204324;0.1334619144;0.1261559018;0.1330425365;36938773.9;3320759319.2;"2024-10-20T23:59:59.999Z"
"2024-10-19T00:00:00.000Z";"2024-10-19T23:59:59.999Z";"2024-10-19T03:25:00.000Z";"2024-10-19T19:52:00.000Z";"2781";0.1304516846;0.1330505314;0.1274293096;0.129204324;32462801.41;3223958412.36;"2024-10-19T23:59:59.999Z"
"2024-10-18T00:00:00.000Z";"2024-10-18T23:59:59.999Z";"2024-10-18T17:18:00.000Z";"2024-10-18T00:55:00.000Z";"2781";0.1258713364;0.132538548;0.1250967222;0.1304516846;61835349.85;3254598420.11;"2024-10-18T23:59:59.999Z"
"2024-10-17T00:00:00.000Z";"2024-10-17T23:59:59.999Z";"2024-10-17T00:38:00.000Z";"2024-10-17T14:50:00.000Z";"2781";0.1310548103;0.131660966;0.1208934053;0.1258713364;100423088.34;3138907120.6;"2024-10-17T23:59:59.999Z"
"2024-10-16T00:00:00.000Z";"2024-10-16T23:59:59.999Z";"2024-10-16T00:01:00.000Z";"2024-10-16T22:01:00.000Z";"2781";0.1346818568;0.1347452125;0.1302567944;0.1310548103;31604148.18;3268770564.55;"2024-10-16T23:59:59.999Z"
"2024-10-15T00:00:00.000Z";"2024-10-15T23:59:59.999Z";"2024-10-15T00:34:00.000Z";"2024-10-15T21:03:00.000Z";"2781";0.1377962889;0.1382381839;0.1321768873;0.1346818568;51863980.08;3356674518.21;"2024-10-15T23:59:59.999Z"
"2024-10-14T00:00:00.000Z";"2024-10-14T23:59:59.999Z";"2024-10-14T14:51:00.000Z";"2024-10-14T02:11:00.000Z";"2781";0.1328514575;0.1406493018;0.1315729758;0.1377962889;40770179.53;3433307123.61;"2024-10-14T23:59:59.999Z"
"2024-10-13T00:00:00.000Z";"2024-10-13T23:59:59.999Z";"2024-10-13T10:40:00.000Z";"2024-10-13T15:31:00.000Z";"2781";0.1326795802;0.1350871874;0.1297028051;0.1328514575;25695942.61;3309145792.12;"2024-10-13T23:59:59.999Z"
"2024-10-12T00:00:00.000Z";"2024-10-12T23:59:59.999Z";"2024-10-12T01:10:00.000Z";"2024-10-12T19:43:00.000Z";"2781";0.1371550319;0.1416428116;0.1321102336;0.1326795802;41038499.53;3303892705.63;"2024-10-12T23:59:59.999Z"
"2024-10-11T00:00:00.000Z";"2024-10-11T23:59:59.999Z";"2024-10-11T17:40:00.000Z";"2024-10-11T01:34:00.000Z";"2781";0.1324206235;0.1390515749;0.1299548746;0.1371550319;40687814.56;3415963895.6;"2024-10-11T23:59:59.999Z"
"2024-10-10T00:00:00.000Z";"2024-10-10T23:59:59.999Z";"2024-10-10T02:28:00.000Z";"2024-10-10T18:30:00.000Z";"2781";0.1327606041;0.1347613703;0.1268234159;0.1324206235;43702828.5;3297118110.67;"2024-10-10T23:59:59.999Z"
"2024-10-09T00:00:00.000Z";"2024-10-09T23:59:59.999Z";"2024-10-09T00:07:00.000Z";"2024-10-09T22:17:00.000Z";"2781";0.1401590453;0.1409672026;0.1306122331;0.1327607039;40744596.04;3303049828.52;"2024-10-09T23:59:59.999Z"
"2024-10-08T00:00:00.000Z";"2024-10-08T23:59:59.999Z";"2024-10-08T19:01:00.000Z";"2024-10-08T06:58:00.000Z";"2781";0.1362494669;0.1436689087;0.1315616384;0.1401590453;58138536.13;3486120984.99;"2024-10-08T23:59:59.999Z"
"2024-10-07T00:00:00.000Z";"2024-10-07T23:59:59.999Z";"2024-10-07T01:58:00.000Z";"2024-10-07T23:54:00.000Z";"2781";0.1427132681;0.1474219935;0.1360920487;0.1362494669;56322931.76;3387903788;"2024-10-07T23:59:59.999Z"
"2024-10-06T00:00:00.000Z";"2024-10-06T23:59:59.999Z";"2024-10-06T14:59:00.000Z";"2024-10-06T23:55:00.000Z";"2781";0.14787125;0.1490258195;0.1424397381;0.1427132681;24353135.1;3549281687.47;"2024-10-06T23:59:59.999Z"
"2024-10-05T00:00:00.000Z";"2024-10-05T23:59:59.999Z";"2024-10-05T11:31:00.000Z";"2024-10-05T21:01:00.000Z";"2781";0.1483051767;0.1506981852;0.1456334662;0.14787125;19126008.12;3674770990.64;"2024-10-05T23:59:59.999Z"
"2024-10-04T00:00:00.000Z";"2024-10-04T23:59:59.999Z";"2024-10-04T08:41:00.000Z";"2024-10-04T14:33:00.000Z";"2781";0.1465502122;0.1507692654;0.1459826;0.1483051767;35118275.59;3686190350.36;"2024-10-04T23:59:59.999Z"
"2024-10-03T00:00:00.000Z";"2024-10-03T23:59:59.999Z";"2024-10-03T04:04:00.000Z";"2024-10-03T09:10:00.000Z";"2781";0.1433915048;0.1469283428;0.1416802065;0.1465502122;34120379.38;3641459902.07;"2024-10-03T23:59:59.999Z"
"2024-10-02T00:00:00.000Z";"2024-10-02T23:59:59.999Z";"2024-10-02T06:52:00.000Z";"2024-10-02T19:31:00.000Z";"2781";0.149102984;0.1534068402;0.1423104392;0.1433921452;49350676.33;3561900845.13;"2024-10-02T23:59:59.999Z"
"2024-10-01T00:00:00.000Z";"2024-10-01T23:59:59.999Z";"2024-10-01T07:08:00.000Z";"2024-10-01T17:27:00.000Z";"2781";0.1588080053;0.1622088829;0.1431649409;0.149102984;77422415.9;3702631243.67;"2024-10-01T23:59:59.999Z"
"2024-09-30T00:00:00.000Z";"2024-09-30T23:59:59.999Z";"2024-09-30T01:10:00.000Z";"2024-09-30T23:46:00.000Z";"2781";0.1630744765;0.1639540588;0.1576734998;0.1588080053;43667234.77;3942433187.15;"2024-09-30T23:59:59.999Z"
"2024-09-29T00:00:00.000Z";"2024-09-29T23:59:59.999Z";"2024-09-29T00:00:00.000Z";"2024-09-29T16:14:00.000Z";"2781";0.1670304769;0.1670526696;0.1620013147;0.1630744765;31847464.47;4047094918.86;"2024-09-29T23:59:59.999Z"
"2024-09-28T00:00:00.000Z";"2024-09-28T23:59:59.999Z";"2024-09-28T03:11:00.000Z";"2024-09-28T13:19:00.000Z";"2781";0.1716640221;0.1734273829;0.1659306986;0.1670304769;40882009.91;4142049222.07;"2024-09-28T23:59:59.999Z"
"2024-09-27T00:00:00.000Z";"2024-09-27T23:59:59.999Z";"2024-09-27T15:19:00.000Z";"2024-09-27T00:00:00.000Z";"2781";0.1639698586;0.1751634758;0.1639689329;0.1716640221;80354762.07;4257658830.14;"2024-09-27T23:59:59.999Z"
"2024-09-26T00:00:00.000Z";"2024-09-26T23:59:59.999Z";"2024-09-26T16:11:00.000Z";"2024-09-26T01:40:00.000Z";"2781";0.1613821378;0.1658238258;0.1602025496;0.1639698586;48547236.74;4065575777.79;"2024-09-26T23:59:59.999Z"
"2024-09-25T00:00:00.000Z";"2024-09-25T23:59:59.999Z";"2024-09-25T02:19:00.000Z";"2024-09-25T17:37:00.000Z";"2781";0.1648690865;0.1678226705;0.1602378197;0.1613821378;49682895.8;3998209444.05;"2024-09-25T23:59:59.999Z"
"2024-09-24T00:00:00.000Z";"2024-09-24T23:59:59.999Z";"2024-09-24T09:01:00.000Z";"2024-09-24T19:42:00.000Z";"2781";0.1642123299;0.1651827352;0.1594888367;0.1648690865;56818635.43;4083334768.52;"2024-09-24T23:59:59.999Z"
"2024-09-23T00:00:00.000Z";"2024-09-23T23:59:59.999Z";"2024-09-23T06:55:00.000Z";"2024-09-23T00:21:00.000Z";"2781";0.1646141852;0.1675969805;0.1634389346;0.1642123299;42370056.74;4065741557.31;"2024-09-23T23:59:59.999Z"
"2024-09-22T00:00:00.000Z";"2024-09-22T23:59:59.999Z";"2024-09-22T00:04:00.000Z";"2024-09-22T22:07:00.000Z";"2781";0.1708685014;0.1710985291;0.1614707871;0.1646141852;45448461.99;4076361405.3;"2024-09-22T23:59:59.999Z"
"2024-09-21T00:00:00.000Z";"2024-09-21T23:59:59.999Z";"2024-09-21T20:07:00.000Z";"2024-09-21T02:16:00.000Z";"2781";0.169956207;0.1711690458;0.1683447112;0.1708685014;21782191.56;4229928823.4;"2024-09-21T23:59:59.999Z"
"2024-09-20T00:00:00.000Z";"2024-09-20T23:59:59.999Z";"2024-09-20T04:22:00.000Z";"2024-09-20T13:17:00.000Z";"2781";0.1707953464;0.1724750145;0.167139594;0.169956207;53353918.29;4206016757.16;"2024-09-20T23:59:59.999Z"
"2024-09-19T00:00:00.000Z";"2024-09-19T23:59:59.999Z";"2024-09-19T17:07:00.000Z";"2024-09-19T23:50:00.000Z";"2781";0.1734563035;0.177124333;0.1702636954;0.1707953464;74013042.39;4225446879.61;"2024-09-19T23:59:59.999Z"
"2024-09-18T00:00:00.000Z";"2024-09-18T23:59:59.999Z";"2024-09-18T18:58:00.000Z";"2024-09-18T16:07:00.000Z";"2781";0.1708691769;0.1736285615;0.1665000772;0.1734563035;68835809.77;4289920318.12;"2024-09-18T23:59:59.999Z"
"2024-09-17T00:00:00.000Z";"2024-09-17T23:59:59.999Z";"2024-09-17T15:16:00.000Z";"2024-09-17T01:19:00.000Z";"2781";0.1673554482;0.1750009719;0.1660168223;0.1708691769;60149836.47;4224600022.47;"2024-09-17T23:59:59.999Z"
"2024-09-16T00:00:00.000Z";"2024-09-16T23:59:59.999Z";"2024-09-16T06:28:00.000Z";"2024-09-16T17:16:00.000Z";"2781";0.1703514908;0.173130934;0.1642846203;0.1673555932;61253896.84;4136416363.04;"2024-09-16T23:59:59.999Z"
"2024-09-15T00:00:00.000Z";"2024-09-15T23:59:59.999Z";"2024-09-15T11:58:00.000Z";"2024-09-15T23:13:00.000Z";"2781";0.1773846188;0.1800377496;0.1687279504;0.1703514908;93683047.83;4208681055.69;"2024-09-15T23:59:59.999Z"
"2024-09-14T00:00:00.000Z";"2024-09-14T23:59:59.999Z";"2024-09-14T23:52:00.000Z";"2024-09-14T09:27:00.000Z";"2781";0.1714167264;0.1777587283;0.1695692312;0.1773846188;47289652.28;4379826264.18;"2024-09-14T23:59:59.999Z"
"2024-09-13T00:00:00.000Z";"2024-09-13T23:59:59.999Z";"2024-09-13T23:47:00.000Z";"2024-09-13T06:55:00.000Z";"2781";0.1671081327;0.1716348586;0.1632720744;0.1714167264;42628567.38;4231172603.91;"2024-09-13T23:59:59.999Z"
"2024-09-12T00:00:00.000Z";"2024-09-12T23:59:59.999Z";"2024-09-12T08:49:00.000Z";"2024-09-12T21:53:00.000Z";"2781";0.1669875267;0.1702266427;0.1661710477;0.1671081327;42116586.8;4123558164.28;"2024-09-12T23:59:59.999Z"
"2024-09-11T00:00:00.000Z";"2024-09-11T23:59:59.999Z";"2024-09-11T20:14:00.000Z";"2024-09-11T06:04:00.000Z";"2781";0.1657521546;0.1679321664;0.1605259491;0.1669875267;55804829.99;4119324863.22;"2024-09-11T23:59:59.999Z"
"2024-09-10T00:00:00.000Z";"2024-09-10T23:59:59.999Z";"2024-09-10T12:08:00.000Z";"2024-09-10T02:26:00.000Z";"2781";0.1599918998;0.1663955369;0.1580857061;0.16575269;48747505.98;4087611509.93;"2024-09-10T23:59:59.999Z"
"2024-09-09T00:00:00.000Z";"2024-09-09T23:59:59.999Z";"2024-09-09T22:46:00.000Z";"2024-09-09T06:04:00.000Z";"2781";0.1504309427;0.1617089284;0.1492931726;0.1599918998;44737651.48;3944336437.85;"2024-09-09T23:59:59.999Z"
"2024-09-08T00:00:00.000Z";"2024-09-08T23:59:59.999Z";"2024-09-08T05:38:00.000Z";"2024-09-08T16:16:00.000Z";"2781";0.1477152206;0.1519878234;0.1463833159;0.1504309427;26019341.65;3707491701.71;"2024-09-08T23:59:59.999Z"
"2024-09-07T00:00:00.000Z";"2024-09-07T23:59:59.999Z";"2024-09-07T15:50:00.000Z";"2024-09-07T00:00:00.000Z";"2781";0.1453220072;0.1523976778;0.1453220072;0.1477152206;30059497.22;3639446124.79;"2024-09-07T23:59:59.999Z"
"2024-09-06T00:00:00.000Z";"2024-09-06T23:59:59.999Z";"2024-09-06T13:28:00.000Z";"2024-09-06T21:04:00.000Z";"2781";0.146619764;0.1491524565;0.1406644291;0.1453220072;79868489.75;3579384999.42;"2024-09-06T23:59:59.999Z"
"2024-09-05T00:00:00.000Z";"2024-09-05T23:59:59.999Z";"2024-09-05T01:51:00.000Z";"2024-09-05T19:46:00.000Z";"2781";0.1555298778;0.156167055;0.1453530941;0.146619764;62150338.71;3610239557.92;"2024-09-05T23:59:59.999Z"
"2024-09-04T00:00:00.000Z";"2024-09-04T23:59:59.999Z";"2024-09-04T19:59:00.000Z";"2024-09-04T14:35:00.000Z";"2781";0.1552140364;0.1564729701;0.1486753533;0.1555298778;78982132.82;3828460225.04;"2024-09-04T23:59:59.999Z"
"2024-09-03T00:00:00.000Z";"2024-09-03T23:59:59.999Z";"2024-09-03T02:24:00.000Z";"2024-09-03T23:59:00.000Z";"2781";0.1616145835;0.1621932593;0.1552140364;0.1552140364;33258042.29;3819465503.79;"2024-09-03T23:59:59.999Z"
"2024-09-02T00:00:00.000Z";"2024-09-02T23:59:59.999Z";"2024-09-02T11:43:00.000Z";"2024-09-02T01:46:00.000Z";"2781";0.1581992797;0.1619851836;0.1575503561;0.1616145835;39726226.92;3975676733.11;"2024-09-02T23:59:59.999Z"
"2024-09-01T00:00:00.000Z";"2024-09-01T23:59:59.999Z";"2024-09-01T01:00:00.000Z";"2024-09-01T23:55:00.000Z";"2781";0.1632747349;0.1640553727;0.1581073262;0.1581992797;44671806.97;3890395509.35;"2024-09-01T23:59:59.999Z"
"2024-08-31T00:00:00.000Z";"2024-08-31T23:59:59.999Z";"2024-08-31T07:09:00.000Z";"2024-08-31T20:28:00.000Z";"2781";0.1660024825;0.1679254272;0.1630358248;0.1632747349;31238336.39;4013902291.38;"2024-08-31T23:59:59.999Z"
"2024-08-30T00:00:00.000Z";"2024-08-30T23:59:59.999Z";"2024-08-30T13:21:00.000Z";"2024-08-30T16:04:00.000Z";"2781";0.1654698565;0.1688447288;0.1619672244;0.1660024825;66563875.81;4079632795.33;"2024-08-30T23:59:59.999Z"
"2024-08-29T00:00:00.000Z";"2024-08-29T23:59:59.999Z";"2024-08-29T15:41:00.000Z";"2024-08-29T02:44:00.000Z";"2781";0.1627775584;0.1684142782;0.1621653312;0.1654698565;54985833.47;4065221250.29;"2024-08-29T23:59:59.999Z"
"2024-08-28T00:00:00.000Z";"2024-08-28T23:59:59.999Z";"2024-08-28T19:04:00.000Z";"2024-08-28T08:00:00.000Z";"2781";0.1615398932;0.1633999274;0.1582824236;0.1627775584;86247316.03;3997772323.22;"2024-08-28T23:59:59.999Z"
"2024-08-27T00:00:00.000Z";"2024-08-27T23:59:59.999Z";"2024-08-27T08:09:00.000Z";"2024-08-27T22:17:00.000Z";"2781";0.1676711817;0.1698357244;0.1574807972;0.1615398932;71505167.31;3966084645.05;"2024-08-27T23:59:59.999Z"
"2024-08-26T00:00:00.000Z";"2024-08-26T23:59:59.999Z";"2024-08-26T03:22:00.000Z";"2024-08-26T22:10:00.000Z";"2781";0.1704190431;0.1714297908;0.1670952403;0.1676711817;57131402.19;4115273090.3;"2024-08-26T23:59:59.999Z"
"2024-08-25T00:00:00.000Z";"2024-08-25T23:59:59.999Z";"2024-08-25T00:43:00.000Z";"2024-08-25T08:08:00.000Z";"2781";0.1734063598;0.1738205754;0.1673193753;0.1704190431;72378383.89;4181348038.49;"2024-08-25T23:59:59.999Z"
"2024-08-24T00:00:00.000Z";"2024-08-24T23:59:59.999Z";"2024-08-24T20:25:00.000Z";"2024-08-24T01:47:00.000Z";"2781";0.1672443768;0.1781229499;0.1661654427;0.1734063598;86926702.99;4253255294.63;"2024-08-24T23:59:59.999Z"
"2024-08-23T00:00:00.000Z";"2024-08-23T23:59:59.999Z";"2024-08-23T22:40:00.000Z";"2024-08-23T01:43:00.000Z";"2781";0.1596703244;0.1698135009;0.159548651;0.1672443768;88235523.53;4100778484.38;"2024-08-23T23:59:59.999Z"
"2024-08-22T00:00:00.000Z";"2024-08-22T23:59:59.999Z";"2024-08-22T11:00:00.000Z";"2024-08-22T02:55:00.000Z";"2781";0.1595664223;0.1619250469;0.1574529175;0.1596703244;64971875.79;3913789257.27;"2024-08-22T23:59:59.999Z"
"2024-08-21T00:00:00.000Z";"2024-08-21T23:59:59.999Z";"2024-08-21T21:45:00.000Z";"2024-08-21T13:46:00.000Z";"2781";0.1610121539;0.163979685;0.1578813153;0.1595664223;81347965.68;3909966246.98;"2024-08-21T23:59:59.999Z"
"2024-08-20T00:00:00.000Z";"2024-08-20T23:59:59.999Z";"2024-08-20T00:01:00.000Z";"2024-08-20T15:13:00.000Z";"2781";0.1670358824;0.1670420873;0.1594520093;0.1610121539;75842970.12;3944107995.63;"2024-08-20T23:59:59.999Z"
"2024-08-19T00:00:00.000Z";"2024-08-19T23:59:59.999Z";"2024-08-19T23:59:00.000Z";"2024-08-19T12:15:00.000Z";"2781";0.1621591423;0.1670358824;0.1557524548;0.1670358824;108585946.79;4086434218.43;"2024-08-19T23:59:59.999Z"
"2024-08-18T00:00:00.000Z";"2024-08-18T23:59:59.999Z";"2024-08-18T13:16:00.000Z";"2024-08-18T23:59:00.000Z";"2781";0.1649712234;0.1671229206;0.1621591423;0.1621591423;47197371.83;3967127651.03;"2024-08-18T23:59:59.999Z"
"2024-08-17T00:00:00.000Z";"2024-08-17T23:59:59.999Z";"2024-08-17T15:19:00.000Z";"2024-08-17T23:28:00.000Z";"2781";0.1676064445;0.1687735707;0.164222581;0.1649712234;49296235.12;4035923555.07;"2024-08-17T23:59:59.999Z"
"2024-08-16T00:00:00.000Z";"2024-08-16T23:59:59.999Z";"2024-08-16T10:58:00.000Z";"2024-08-16T15:37:00.000Z";"2781";0.1653115334;0.1689210547;0.1628140678;0.1676064445;76535582.12;4100277755.76;"2024-08-16T23:59:59.999Z"
"2024-08-15T00:00:00.000Z";"2024-08-15T23:59:59.999Z";"2024-08-15T16:10:00.000Z";"2024-08-15T18:17:00.000Z";"2781";0.1664626178;0.1688855731;0.1628151799;0.1653115334;91590420.69;4042818028.54;"2024-08-15T23:59:59.999Z"
"2024-08-14T00:00:00.000Z";"2024-08-14T23:59:59.999Z";"2024-08-14T12:44:00.000Z";"2024-08-14T16:46:00.000Z";"2781";0.1694206733;0.1731767408;0.1651956223;0.1664626178;88387877.99;4069634548.53;"2024-08-14T23:59:59.999Z"
"2024-08-13T00:00:00.000Z";"2024-08-13T23:59:59.999Z";"2024-08-13T18:04:00.000Z";"2024-08-13T04:16:00.000Z";"2781";0.1620998361;0.1707361178;0.1600892332;0.1694206733;92109583.05;4140599313.06;"2024-08-13T23:59:59.999Z"
"2024-08-12T00:00:00.000Z";"2024-08-12T23:59:59.999Z";"2024-08-12T16:05:00.000Z";"2024-08-12T07:22:00.000Z";"2781";0.1590564992;0.1630121519;0.1559713047;0.1620998361;96635422.55;3960380859.49;"2024-08-12T23:59:59.999Z"
"2024-08-11T00:00:00.000Z";"2024-08-11T23:59:59.999Z";"2024-08-11T09:23:00.000Z";"2024-08-11T20:28:00.000Z";"2781";0.1665384458;0.1699784448;0.1546970806;0.1590564992;74099283.07;3884754798.88;"2024-08-11T23:59:59.999Z"
"2024-08-10T00:00:00.000Z";"2024-08-10T23:59:59.999Z";"2024-08-10T00:25:00.000Z";"2024-08-10T06:08:00.000Z";"2781";0.1678707747;0.1695424923;0.1651836085;0.1665384458;40937102.41;4066160568.25;"2024-08-10T23:59:59.999Z"
"2024-08-09T00:00:00.000Z";"2024-08-09T23:59:59.999Z";"2024-08-09T00:00:00.000Z";"2024-08-09T14:40:00.000Z";"2781";0.1707397695;0.1708260196;0.1624894694;0.1678707747;78051270.73;4097348367.03;"2024-08-09T23:59:59.999Z"
"2024-08-08T00:00:00.000Z";"2024-08-08T23:59:59.999Z";"2024-08-08T23:03:00.000Z";"2024-08-08T00:44:00.000Z";"2781";0.1523910521;0.1719977656;0.1507590256;0.1707397695;138043760.44;4166008191.29;"2024-08-08T23:59:59.999Z"
"2024-08-07T00:00:00.000Z";"2024-08-07T23:59:59.999Z";"2024-08-07T10:40:00.000Z";"2024-08-07T22:29:00.000Z";"2781";0.1606109434;0.1669123774;0.148384438;0.1523910521;139156140.24;3717086307.13;"2024-08-07T23:59:59.999Z"
"2024-08-06T00:00:00.000Z";"2024-08-06T23:59:59.999Z";"2024-08-06T08:01:00.000Z";"2024-08-06T00:05:00.000Z";"2781";0.1547322577;0.1727948722;0.1539585378;0.1606109434;205419557.58;3916301330.6;"2024-08-06T23:59:59.999Z"
"2024-08-05T00:00:00.000Z";"2024-08-05T23:59:59.999Z";"2024-08-05T00:04:00.000Z";"2024-08-05T13:31:00.000Z";"2781";0.167384291;0.168207413;0.1258849113;0.1547193788;552449654.37;3771717241.9;"2024-08-05T23:59:59.999Z"
"2024-08-04T00:00:00.000Z";"2024-08-04T23:59:59.999Z";"2024-08-04T02:37:00.000Z";"2024-08-04T17:46:00.000Z";"2781";0.1788130613;0.1836560786;0.1654214719;0.167384291;141412881.6;4078759884.48;"2024-08-04T23:59:59.999Z"
"2024-08-03T00:00:00.000Z";"2024-08-03T23:59:59.999Z";"2024-08-03T07:36:00.000Z";"2024-08-03T19:32:00.000Z";"2781";0.1863223171;0.1907140847;0.1711549162;0.1788130613;149806732.67;4355956884.15;"2024-08-03T23:59:59.999Z"
"2024-08-02T00:00:00.000Z";"2024-08-02T23:59:59.999Z";"2024-08-02T00:50:00.000Z";"2024-08-02T21:33:00.000Z";"2781";0.2021253536;0.2034206046;0.1835515565;0.1863223171;142840485.46;4537079705.97;"2024-08-02T23:59:59.999Z"
"2024-08-01T00:00:00.000Z";"2024-08-01T23:59:59.999Z";"2024-08-01T00:40:00.000Z";"2024-08-01T17:31:00.000Z";"2781";0.205589928;0.2075479462;0.1935520872;0.2021253536;157663106.24;4920177445.8;"2024-08-01T23:59:59.999Z"
"2024-07-31T00:00:00.000Z";"2024-07-31T23:59:59.999Z";"2024-07-31T19:27:00.000Z";"2024-07-31T04:42:00.000Z";"2781";0.1960769135;0.2074016309;0.1952678325;0.205589928;187953418.21;5003027563.55;"2024-07-31T23:59:59.999Z"
"2024-07-30T00:00:00.000Z";"2024-07-30T23:59:59.999Z";"2024-07-30T16:49:00.000Z";"2024-07-30T02:28:00.000Z";"2781";0.1936598637;0.1979676889;0.1895730488;0.1960769135;90741658.28;4769867086.26;"2024-07-30T23:59:59.999Z"
"2024-07-29T00:00:00.000Z";"2024-07-29T23:59:59.999Z";"2024-07-29T23:46:00.000Z";"2024-07-29T17:04:00.000Z";"2781";0.1881133706;0.1951254471;0.1859138014;0.1936598637;85290929.01;4709193792.52;"2024-07-29T23:59:59.999Z"
"2024-07-28T00:00:00.000Z";"2024-07-28T23:59:59.999Z";"2024-07-28T01:31:00.000Z";"2024-07-28T05:11:00.000Z";"2781";0.1890194316;0.1892529757;0.1838327034;0.1881133706;42207001.61;4572957183.95;"2024-07-28T23:59:59.999Z"
"2024-07-27T00:00:00.000Z";"2024-07-27T23:59:59.999Z";"2024-07-27T13:24:00.000Z";"2024-07-27T04:31:00.000Z";"2781";0.1816406305;0.1954462983;0.1807240462;0.1890194316;140696299.21;4593150540.11;"2024-07-27T23:59:59.999Z"
"2024-07-26T00:00:00.000Z";"2024-07-26T23:59:59.999Z";"2024-07-26T23:52:00.000Z";"2024-07-26T01:35:00.000Z";"2781";0.1763129558;0.1816495133;0.1758719139;0.1816406305;38716061.73;4412308674.1;"2024-07-26T23:59:59.999Z"
"2024-07-25T00:00:00.000Z";"2024-07-25T23:59:59.999Z";"2024-07-25T00:08:00.000Z";"2024-07-25T02:46:00.000Z";"2781";0.1778290701;0.1781342073;0.1735052057;0.1763129558;52543396.32;4281610450.58;"2024-07-25T23:59:59.999Z"
"2024-07-24T00:00:00.000Z";"2024-07-24T23:59:59.999Z";"2024-07-24T17:40:00.000Z";"2024-07-24T05:28:00.000Z";"2781";0.1790930057;0.1802360546;0.1759826504;0.1778290701;38793889.73;4316709200.75;"2024-07-24T23:59:59.999Z"
"2024-07-23T00:00:00.000Z";"2024-07-23T23:59:59.999Z";"2024-07-23T23:50:00.000Z";"2024-07-23T07:54:00.000Z";"2781";0.1755545506;0.1795970793;0.171410193;0.1790976217;46685255.47;4345876515.96;"2024-07-23T23:59:59.999Z"
"2024-07-22T00:00:00.000Z";"2024-07-22T23:59:59.999Z";"2024-07-22T00:52:00.000Z";"2024-07-22T14:38:00.000Z";"2781";0.1796058168;0.1800268395;0.1726164359;0.1755545506;49589104.16;4258520661.72;"2024-07-22T23:59:59.999Z"
"2024-07-21T00:00:00.000Z";"2024-07-21T23:59:59.999Z";"2024-07-21T03:12:00.000Z";"2024-07-21T18:12:00.000Z";"2781";0.1811399786;0.1837888534;0.1742985106;0.1796058168;56900004.58;4355494139.35;"2024-07-21T23:59:59.999Z"
"2024-07-20T00:00:00.000Z";"2024-07-20T23:59:59.999Z";"2024-07-20T07:33:00.000Z";"2024-07-20T13:19:00.000Z";"2781";0.1810529304;0.1825456071;0.1783254966;0.1811399786;39054656.46;4391164819.1;"2024-07-20T23:59:59.999Z"
"2024-07-19T00:00:00.000Z";"2024-07-19T23:59:59.999Z";"2024-07-19T21:28:00.000Z";"2024-07-19T01:22:00.000Z";"2781";0.1783151303;0.1830173852;0.1763170037;0.1810529304;46691562.87;4387294041.54;"2024-07-19T23:59:59.999Z"
"2024-07-18T00:00:00.000Z";"2024-07-18T23:59:59.999Z";"2024-07-18T12:52:00.000Z";"2024-07-18T16:07:00.000Z";"2781";0.1764428294;0.1801504635;0.1754864461;0.1783043732;37660870.7;4319397637.85;"2024-07-18T23:59:59.999Z"
"2024-07-17T00:00:00.000Z";"2024-07-17T23:59:59.999Z";"2024-07-17T01:47:00.000Z";"2024-07-17T16:43:00.000Z";"2781";0.1801477456;0.18136037;0.1747279424;0.1764244756;53402258.74;4272151284.36;"2024-07-17T23:59:59.999Z"
"2024-07-16T00:00:00.000Z";"2024-07-16T23:59:59.999Z";"2024-07-16T00:15:00.000Z";"2024-07-16T08:33:00.000Z";"2781";0.1826354291;0.1832221767;0.1744214219;0.1801479616;68095496.91;4360790399.41;"2024-07-16T23:59:59.999Z"
"2024-07-15T00:00:00.000Z";"2024-07-15T23:59:59.999Z";"2024-07-15T23:59:00.000Z";"2024-07-15T00:18:00.000Z";"2781";0.1710643753;0.1826397628;0.1706844676;0.1826397628;84734930.72;4419784021.65;"2024-07-15T23:59:59.999Z"
"2024-07-14T00:00:00.000Z";"2024-07-14T23:59:59.999Z";"2024-07-14T05:59:00.000Z";"2024-07-14T14:25:00.000Z";"2781";0.1676415489;0.1729407421;0.1672301796;0.171053879;44666382.72;4137964423.61;"2024-07-14T23:59:59.999Z"
"2024-07-13T00:00:00.000Z";"2024-07-13T23:59:59.999Z";"2024-07-13T23:26:00.000Z";"2024-07-13T14:10:00.000Z";"2781";0.1687186631;0.1691029321;0.1662569662;0.1676362375;24880446.79;4053663609.35;"2024-07-13T23:59:59.999Z"
"2024-07-12T00:00:00.000Z";"2024-07-12T23:59:59.999Z";"2024-07-12T23:56:00.000Z";"2024-07-12T10:24:00.000Z";"2781";0.166292262;0.1687627166;0.1621921553;0.1687243466;44858735.8;4078752583.49;"2024-07-12T23:59:59.999Z"
"2024-07-11T00:00:00.000Z";"2024-07-11T23:59:59.999Z";"2024-07-11T12:43:00.000Z";"2024-07-11T23:38:00.000Z";"2781";0.1698786057;0.1718078375;0.165983681;0.1662923503;45051019.01;4018347493.88;"2024-07-11T23:59:59.999Z"
"2024-07-10T00:00:00.000Z";"2024-07-10T23:59:59.999Z";"2024-07-10T04:44:00.000Z";"2024-07-10T13:44:00.000Z";"2781";0.1706076475;0.1735843133;0.1669835715;0.1698539862;50085308.39;4102971344.99;"2024-07-10T23:59:59.999Z"
"2024-07-09T00:00:00.000Z";"2024-07-09T23:59:59.999Z";"2024-07-09T08:48:00.000Z";"2024-07-09T01:48:00.000Z";"2781";0.1670007667;0.1729403209;0.1648580819;0.1705941437;66226996.37;4119619201.27;"2024-07-09T23:59:59.999Z"
"2024-07-08T00:00:00.000Z";"2024-07-08T23:59:59.999Z";"2024-07-08T23:19:00.000Z";"2024-07-08T01:23:00.000Z";"2781";0.1592654628;0.1679439086;0.1542489802;0.1669753441;90635790.01;4030814219.71;"2024-07-08T23:59:59.999Z"
"2024-07-07T00:00:00.000Z";"2024-07-07T23:59:59.999Z";"2024-07-07T07:07:00.000Z";"2024-07-07T23:52:00.000Z";"2781";0.1688540233;0.1707326691;0.1589248959;0.1593051126;62628932.22;3844301221.75;"2024-07-07T23:59:59.999Z"
"2024-07-06T00:00:00.000Z";"2024-07-06T23:59:59.999Z";"2024-07-06T16:49:00.000Z";"2024-07-06T05:06:00.000Z";"2781";0.1625448403;0.1750489615;0.1598361973;0.1688980369;72798840.06;4074363125.82;"2024-07-06T23:59:59.999Z"
"2024-07-05T00:00:00.000Z";"2024-07-05T23:59:59.999Z";"2024-07-05T00:01:00.000Z";"2024-07-05T09:04:00.000Z";"2781";0.1663704114;0.1667890394;0.1466240533;0.1625553491;146616656.23;3919980400.04;"2024-07-05T23:59:59.999Z"
"2024-07-04T00:00:00.000Z";"2024-07-04T23:59:59.999Z";"2024-07-04T00:42:00.000Z";"2024-07-04T13:35:00.000Z";"2781";0.173598771;0.1749870079;0.159826647;0.1663548426;113232520.56;4010107800.41;"2024-07-04T23:59:59.999Z"
"2024-07-03T00:00:00.000Z";"2024-07-03T23:59:59.999Z";"2024-07-03T00:22:00.000Z";"2024-07-03T19:57:00.000Z";"2781";0.1772825722;0.1783690422;0.1685975271;0.1736776943;76757812.13;4185091426.87;"2024-07-03T23:59:59.999Z"
"2024-07-02T00:00:00.000Z";"2024-07-02T23:59:59.999Z";"2024-07-02T13:34:00.000Z";"2024-07-02T23:25:00.000Z";"2781";0.1793312665;0.1864651448;0.1759307449;0.1772475812;75673450.43;4269518634.78;"2024-07-02T23:59:59.999Z"
"2024-07-01T00:00:00.000Z";"2024-07-01T23:59:59.999Z";"2024-07-01T01:40:00.000Z";"2024-07-01T13:37:00.000Z";"2781";0.1904972532;0.1941964672;0.1778086888;0.1793163101;128108004.43;4317742631.3;"2024-07-01T23:59:59.999Z"
"2024-06-30T00:00:00.000Z";"2024-06-30T23:59:59.999Z";"2024-06-30T13:33:00.000Z";"2024-06-30T15:07:00.000Z";"2781";0.191111384;0.1976112894;0.1767144092;0.1904728712;280539529.25;4584614473.82;"2024-06-30T23:59:59.999Z"
"2024-06-29T00:00:00.000Z";"2024-06-29T23:59:59.999Z";"2024-06-29T23:19:00.000Z";"2024-06-29T00:31:00.000Z";"2781";0.1784995837;0.1929652607;0.1765412033;0.1910517278;100628175.78;4596660785.43;"2024-06-29T23:59:59.999Z"
"2024-06-28T00:00:00.000Z";"2024-06-28T23:59:59.999Z";"2024-06-28T11:37:00.000Z";"2024-06-28T08:04:00.000Z";"2781";0.1817042023;0.1844869151;0.1768490486;0.1784649831;91333697.66;4292226618.18;"2024-06-28T23:59:59.999Z"
"2024-06-27T00:00:00.000Z";"2024-06-27T23:59:59.999Z";"2024-06-27T01:25:00.000Z";"2024-06-27T09:17:00.000Z";"2781";0.1761939331;0.1826111554;0.1717464079;0.1816653657;152556242.9;4367566897.43;"2024-06-27T23:59:59.999Z"
"2024-06-26T00:00:00.000Z";"2024-06-26T23:59:59.999Z";"2024-06-26T23:49:00.000Z";"2024-06-26T05:31:00.000Z";"2781";0.1618343859;0.1776429372;0.1587515287;0.1762064486;100363713.92;4234747913.92;"2024-06-26T23:59:59.999Z"
"2024-06-25T00:00:00.000Z";"2024-06-25T23:59:59.999Z";"2024-06-25T16:40:00.000Z";"2024-06-25T08:46:00.000Z";"2781";0.1542473578;0.1621434914;0.1529312992;0.1618588721;65846787.9;3888478457.95;"2024-06-25T23:59:59.999Z"
"2024-06-24T00:00:00.000Z";"2024-06-24T23:59:59.999Z";"2024-06-24T02:03:00.000Z";"2024-06-24T09:41:00.000Z";"2781";0.1518166054;0.1559554018;0.1445464859;0.1542086221;83611017.21;3703308075.76;"2024-06-24T23:59:59.999Z"
"2024-06-23T00:00:00.000Z";"2024-06-23T23:59:59.999Z";"2024-06-23T03:07:00.000Z";"2024-06-23T16:23:00.000Z";"2781";0.1530357462;0.1589306054;0.1510985328;0.1518441351;51190797.37;3645165038.69;"2024-06-23T23:59:59.999Z"
"2024-06-22T00:00:00.000Z";"2024-06-22T23:59:59.999Z";"2024-06-22T22:28:00.000Z";"2024-06-22T00:54:00.000Z";"2781";0.1453264537;0.1539227403;0.1441708431;0.1530505992;39141690.61;3672751854.82;"2024-06-22T23:59:59.999Z"
"2024-06-21T00:00:00.000Z";"2024-06-21T23:59:59.999Z";"2024-06-21T07:41:00.000Z";"2024-06-21T13:36:00.000Z";"2781";0.146272609;0.1469715075;0.1421308091;0.1453509815;47038420.3;3486680634.84;"2024-06-21T23:59:59.999Z"
"2024-06-20T00:00:00.000Z";"2024-06-20T23:59:59.999Z";"2024-06-20T11:37:00.000Z";"2024-06-20T16:10:00.000Z";"2781";0.1439415561;0.1508300554;0.1417225767;0.1462174557;54048274.19;3506153241.65;"2024-06-20T23:59:59.999Z"
"2024-06-19T00:00:00.000Z";"2024-06-19T23:59:59.999Z";"2024-06-19T07:03:00.000Z";"2024-06-19T00:35:00.000Z";"2781";0.1435408512;0.1490310493;0.1411476949;0.1439415561;54574018.47;3450288889.57;"2024-06-19T23:59:59.999Z"
"2024-06-18T00:00:00.000Z";"2024-06-18T23:59:59.999Z";"2024-06-18T00:08:00.000Z";"2024-06-18T01:49:00.000Z";"2781";0.1527306999;0.152806946;0.1351725283;0.143559587;111365685.9;3439844149.53;"2024-06-18T23:59:59.999Z"
"2024-06-17T00:00:00.000Z";"2024-06-17T23:59:59.999Z";"2024-06-17T00:48:00.000Z";"2024-06-17T16:22:00.000Z";"2781";0.1596690728;0.1617127116;0.149871813;0.1527326204;70495822.65;3658272938.8;"2024-06-17T23:59:59.999Z"
"2024-06-16T00:00:00.000Z";"2024-06-16T23:59:59.999Z";"2024-06-16T19:07:00.000Z";"2024-06-16T04:52:00.000Z";"2781";0.1532295483;0.1608003117;0.150432775;0.1596830916;43949114.49;3823318154.8;"2024-06-16T23:59:59.999Z"
"2024-06-15T00:00:00.000Z";"2024-06-15T23:59:59.999Z";"2024-06-15T04:13:00.000Z";"2024-06-15T20:55:00.000Z";"2781";0.1628898236;0.1666002606;0.1505468489;0.1532076331;87373989.19;3666908885.52;"2024-06-15T23:59:59.999Z"
"2024-06-14T00:00:00.000Z";"2024-06-14T23:59:59.999Z";"2024-06-14T06:49:00.000Z";"2024-06-14T18:27:00.000Z";"2781";0.1660064894;0.1693152201;0.1587649243;0.1628928131;66538248.18;3897248088.07;"2024-06-14T23:59:59.999Z"
"2024-06-13T00:00:00.000Z";"2024-06-13T23:59:59.999Z";"2024-06-13T08:47:00.000Z";"2024-06-13T15:45:00.000Z";"2781";0.1704897682;0.1738631443;0.1626070372;0.1659633576;69924832.52;3969218170.12;"2024-06-13T23:59:59.999Z"
"2024-06-12T00:00:00.000Z";"2024-06-12T23:59:59.999Z";"2024-06-12T15:10:00.000Z";"2024-06-12T01:49:00.000Z";"2781";0.1639341872;0.1803056344;0.1608402471;0.1704998476;115097248.9;4076111269.55;"2024-06-12T23:59:59.999Z"
"2024-06-11T00:00:00.000Z";"2024-06-11T23:59:59.999Z";"2024-06-11T20:00:00.000Z";"2024-06-11T15:53:00.000Z";"2781";0.1621737751;0.1657773354;0.1552696765;0.163930764;79837750.98;3917589187.68;"2024-06-11T23:59:59.999Z"
"2024-06-10T00:00:00.000Z";"2024-06-10T23:59:59.999Z";"2024-06-10T01:49:00.000Z";"2024-06-10T07:52:00.000Z";"2781";0.1688373452;0.1698150986;0.1603688034;0.1621791229;67317266.86;3874272700.62;"2024-06-10T23:59:59.999Z"
"2024-06-09T00:00:00.000Z";"2024-06-09T23:59:59.999Z";"2024-06-09T23:35:00.000Z";"2024-06-09T00:05:00.000Z";"2781";0.1564427089;0.1692469349;0.1555019483;0.1688215163;71540065.99;4031437548.67;"2024-06-09T23:59:59.999Z"
"2024-06-08T00:00:00.000Z";"2024-06-08T23:59:59.999Z";"2024-06-08T04:29:00.000Z";"2024-06-08T22:20:00.000Z";"2781";0.1629652028;0.1697040019;0.1559055405;0.1564825896;66017703.85;3735382354.56;"2024-06-08T23:59:59.999Z"
"2024-06-07T00:00:00.000Z";"2024-06-07T23:59:59.999Z";"2024-06-07T01:01:00.000Z";"2024-06-07T18:18:00.000Z";"2781";0.1722508881;0.178098318;0.1529510471;0.1629669261;121658490.43;3888716279.36;"2024-06-07T23:59:59.999Z"
"2024-06-06T00:00:00.000Z";"2024-06-06T23:59:59.999Z";"2024-06-06T09:01:00.000Z";"2024-06-06T23:40:00.000Z";"2781";0.1781519628;0.1836793144;0.1711451568;0.1722529929;71940203.49;4108761390.78;"2024-06-06T23:59:59.999Z"
"2024-06-05T00:00:00.000Z";"2024-06-05T23:59:59.999Z";"2024-06-05T12:02:00.000Z";"2024-06-05T02:37:00.000Z";"2781";0.1803688318;0.1918603861;0.1750116659;0.1781519628;157744611.21;4247850728.17;"2024-06-05T23:59:59.999Z"
"2024-06-04T00:00:00.000Z";"2024-06-04T23:59:59.999Z";"2024-06-04T22:55:00.000Z";"2024-06-04T04:27:00.000Z";"2781";0.1690828907;0.180830842;0.1661104019;0.1803688318;164245658.82;4299052152.47;"2024-06-04T23:59:59.999Z"
"2024-06-03T00:00:00.000Z";"2024-06-03T23:59:59.999Z";"2024-06-03T22:21:00.000Z";"2024-06-03T04:47:00.000Z";"2781";0.147366557;0.1762468752;0.1443420404;0.1690828907;165152308.73;4028444282.52;"2024-06-03T23:59:59.999Z"
"2024-06-02T00:00:00.000Z";"2024-06-02T23:59:59.999Z";"2024-06-02T23:46:00.000Z";"2024-06-02T00:05:00.000Z";"2781";0.1376087194;0.1478898501;0.137446646;0.1473657597;48413573.66;3509629718.13;"2024-06-02T23:59:59.999Z"
"2024-06-01T00:00:00.000Z";"2024-06-01T23:59:59.999Z";"2024-06-01T19:50:00.000Z";"2024-06-01T02:58:00.000Z";"2781";0.1373397194;0.1384398336;0.1370290201;0.1376087194;18520219.81;3275946996.19;"2024-06-01T23:59:59.999Z"
"2024-05-31T00:00:00.000Z";"2024-05-31T23:59:59.999Z";"2024-05-31T12:47:00.000Z";"2024-05-31T16:23:00.000Z";"2781";0.1387152917;0.1392422389;0.1351863442;0.1373397194;27211777.89;3268237136.41;"2024-05-31T23:59:59.999Z"
"2024-05-30T00:00:00.000Z";"2024-05-30T23:59:59.999Z";"2024-05-30T17:43:00.000Z";"2024-05-30T08:16:00.000Z";"2781";0.1373345769;0.1409340393;0.1335177068;0.1387152917;52515581.24;3299653055.79;"2024-05-30T23:59:59.999Z"
"2024-05-29T00:00:00.000Z";"2024-05-29T23:59:59.999Z";"2024-05-29T04:20:00.000Z";"2024-05-29T20:37:00.000Z";"2781";0.1393148751;0.1405505059;0.1368515066;0.1373345017;27270696.84;3265500084.62;"2024-05-29T23:59:59.999Z"
"2024-05-28T00:00:00.000Z";"2024-05-28T23:59:59.999Z";"2024-05-28T00:13:00.000Z";"2024-05-28T18:46:00.000Z";"2781";0.1431041865;0.1439342147;0.1382697786;0.1393148751;34152166.22;3311265379.05;"2024-05-28T23:59:59.999Z"
"2024-05-27T00:00:00.000Z";"2024-05-27T23:59:59.999Z";"2024-05-27T22:54:00.000Z";"2024-05-27T10:11:00.000Z";"2781";0.1389162097;0.1435955651;0.1368794252;0.1431041865;38429614.58;3399974059.05;"2024-05-27T23:59:59.999Z"
"2024-05-26T00:00:00.000Z";"2024-05-26T23:59:59.999Z";"2024-05-26T01:34:00.000Z";"2024-05-26T03:25:00.000Z";"2781";0.1407796389;0.1418988561;0.1367586185;0.1389162097;33357713.1;3299149146.79;"2024-05-26T23:59:59.999Z"
"2024-05-25T00:00:00.000Z";"2024-05-25T23:59:59.999Z";"2024-05-25T23:58:00.000Z";"2024-05-25T03:01:00.000Z";"2781";0.1322443837;0.1408110373;0.1309609748;0.1407796389;25823502.32;3342069131.61;"2024-05-25T23:59:59.999Z"
"2024-05-24T00:00:00.000Z";"2024-05-24T23:59:59.999Z";"2024-05-24T18:19:00.000Z";"2024-05-24T08:36:00.000Z";"2781";0.134124362;0.1347509979;0.1294425081;0.1322443837;31764963.76;3138188734.15;"2024-05-24T23:59:59.999Z"
"2024-05-23T00:00:00.000Z";"2024-05-23T23:59:59.999Z";"2024-05-23T07:44:00.000Z";"2024-05-23T20:08:00.000Z";"2781";0.1367996867;0.1424858339;0.130431582;0.134124362;56738570.24;3181520619.35;"2024-05-23T23:59:59.999Z"
"2024-05-22T00:00:00.000Z";"2024-05-22T23:59:59.999Z";"2024-05-22T16:18:00.000Z";"2024-05-22T05:10:00.000Z";"2781";0.1334930634;0.1417369183;0.1305153294;0.1367996867;61322918.34;3243681677.32;"2024-05-22T23:59:59.999Z"
"2024-05-21T00:00:00.000Z";"2024-05-21T23:59:59.999Z";"2024-05-21T10:32:00.000Z";"2024-05-21T02:56:00.000Z";"2781";0.1288633338;0.1353483403;0.1269005001;0.1334930634;54163360.34;3164004533.17;"2024-05-21T23:59:59.999Z"
"2024-05-20T00:00:00.000Z";"2024-05-20T23:59:59.999Z";"2024-05-20T20:02:00.000Z";"2024-05-20T01:40:00.000Z";"2781";0.1220063221;0.1298938539;0.1210551354;0.1288671318;31619612.82;3053052662.79;"2024-05-20T23:59:59.999Z"
"2024-05-19T00:00:00.000Z";"2024-05-19T23:59:59.999Z";"2024-05-19T03:49:00.000Z";"2024-05-19T20:04:00.000Z";"2781";0.1240312982;0.1245336908;0.1214397378;0.1220063221;18425977.17;2889435186.81;"2024-05-19T23:59:59.999Z"
"2024-05-18T00:00:00.000Z";"2024-05-18T23:59:59.999Z";"2024-05-18T22:34:00.000Z";"2024-05-18T06:31:00.000Z";"2781";0.1220856067;0.1241172803;0.1212900648;0.1240310203;17389138.78;2936212836.47;"2024-05-18T23:59:59.999Z"
"2024-05-17T00:00:00.000Z";"2024-05-17T23:59:59.999Z";"2024-05-17T15:58:00.000Z";"2024-05-17T06:22:00.000Z";"2781";0.120211683;0.1247703878;0.1201547249;0.1220856067;24332849.11;2888989561.56;"2024-05-17T23:59:59.999Z"
"2024-05-16T00:00:00.000Z";"2024-05-16T23:59:59.999Z";"2024-05-16T08:16:00.000Z";"2024-05-16T17:31:00.000Z";"2781";0.1221327023;0.1240636983;0.1180284197;0.120211683;25338909.59;2843499767.14;"2024-05-16T23:59:59.999Z"
"2024-05-15T00:00:00.000Z";"2024-05-15T23:59:59.999Z";"2024-05-15T21:40:00.000Z";"2024-05-15T00:50:00.000Z";"2781";0.112994968;0.1232373014;0.1125138689;0.1221302669;39303724.64;2887786778.27;"2024-05-15T23:59:59.999Z"
"2024-05-14T00:00:00.000Z";"2024-05-14T23:59:59.999Z";"2024-05-14T00:01:00.000Z";"2024-05-14T17:34:00.000Z";"2781";0.1171081411;0.117120875;0.1123619921;0.112994968;36628561.15;2670650868.7;"2024-05-14T23:59:59.999Z"
"2024-05-13T00:00:00.000Z";"2024-05-13T23:59:59.999Z";"2024-05-13T00:31:00.000Z";"2024-05-13T04:46:00.000Z";"2781";0.1222753705;0.1231814399;0.113828185;0.1171081411;48007969.93;2766749306.61;"2024-05-13T23:59:59.999Z"
"2024-05-12T00:00:00.000Z";"2024-05-12T23:59:59.999Z";"2024-05-12T12:27:00.000Z";"2024-05-12T07:56:00.000Z";"2781";0.1218317974;0.1247038218;0.1199903565;0.1222753705;25041169.24;2887665328.11;"2024-05-12T23:59:59.999Z"
"2024-05-11T00:00:00.000Z";"2024-05-11T23:59:59.999Z";"2024-05-11T05:38:00.000Z";"2024-05-11T22:26:00.000Z";"2781";0.1238304229;0.1287981523;0.1215898749;0.1218320492;39749299.23;2876035731.88;"2024-05-11T23:59:59.999Z"
"2024-05-10T00:00:00.000Z";"2024-05-10T23:59:59.999Z";"2024-05-10T11:58:00.000Z";"2024-05-10T18:43:00.000Z";"2781";0.1240069925;0.1327805746;0.1203180014;0.1238304229;71556916.52;2922041268.06;"2024-05-10T23:59:59.999Z"
"2024-05-09T00:00:00.000Z";"2024-05-09T23:59:59.999Z";"2024-05-09T16:34:00.000Z";"2024-05-09T00:01:00.000Z";"2781";0.1183911226;0.12492431;0.1181631322;0.1240060166;68079305.12;2925023727.84;"2024-05-09T23:59:59.999Z"
"2024-05-08T00:00:00.000Z";"2024-05-08T23:59:59.999Z";"2024-05-08T18:58:00.000Z";"2024-05-08T09:37:00.000Z";"2781";0.1122484596;0.1243569461;0.1101982484;0.1183911226;78285451.53;2791433288.72;"2024-05-08T23:59:59.999Z"
"2024-05-07T00:00:00.000Z";"2024-05-07T23:59:59.999Z";"2024-05-07T21:36:00.000Z";"2024-05-07T00:22:00.000Z";"2781";0.1102742188;0.1156293024;0.1096988793;0.1122484596;39317737.93;2645536585.59;"2024-05-07T23:59:59.999Z"
"2024-05-06T00:00:00.000Z";"2024-05-06T23:59:59.999Z";"2024-05-06T09:08:00.000Z";"2024-05-06T03:16:00.000Z";"2781";0.1079685268;0.1132040159;0.1071640904;0.1102742188;37912598.29;2597958552.1;"2024-05-06T23:59:59.999Z"
"2024-05-05T00:00:00.000Z";"2024-05-05T23:59:59.999Z";"2024-05-05T00:29:00.000Z";"2024-05-05T13:10:00.000Z";"2781";0.1108257114;0.1108631943;0.1070856374;0.1079687165;27566540.29;2542606737.44;"2024-05-05T23:59:59.999Z"
"2024-05-04T00:00:00.000Z";"2024-05-04T23:59:59.999Z";"2024-05-04T11:47:00.000Z";"2024-05-04T10:20:00.000Z";"2781";0.1122622958;0.1144552261;0.1092701873;0.1108257114;38729640.79;2608777741.59;"2024-05-04T23:59:59.999Z"
"2024-05-03T00:00:00.000Z";"2024-05-03T23:59:59.999Z";"2024-05-03T23:36:00.000Z";"2024-05-03T08:07:00.000Z";"2781";0.1071136029;0.1128388512;0.1037525015;0.1122630192;41226693.92;2641460967.97;"2024-05-03T23:59:59.999Z"
"2024-05-02T00:00:00.000Z";"2024-05-02T23:59:59.999Z";"2024-05-02T00:00:00.000Z";"2024-05-02T01:41:00.000Z";"2781";0.109123804;0.1091257729;0.1060274366;0.1071136029;32648689.31;2519235135.54;"2024-05-02T23:59:59.999Z"
"2024-05-01T00:00:00.000Z";"2024-05-01T23:59:59.999Z";"2024-05-01T18:57:00.000Z";"2024-05-01T08:25:00.000Z";"2781";0.1100525805;0.1117356317;0.1013013158;0.109123804;53423413.63;2565417699.26;"2024-05-01T23:59:59.999Z"
"2024-04-30T00:00:00.000Z";"2024-04-30T23:59:59.999Z";"2024-04-30T03:27:00.000Z";"2024-04-30T16:29:00.000Z";"2781";0.1134855084;0.1148135508;0.1053718402;0.1100525805;55742026.67;2586148424.52;"2024-04-30T23:59:59.999Z"
"2024-04-29T00:00:00.000Z";"2024-04-29T23:59:59.999Z";"2024-04-29T02:19:00.000Z";"2024-04-29T13:49:00.000Z";"2781";0.1165400841;0.1190175549;0.1100201691;0.1134838346;48170453.88;2665664207.42;"2024-04-29T23:59:59.999Z"
"2024-04-28T00:00:00.000Z";"2024-04-28T23:59:59.999Z";"2024-04-28T15:55:00.000Z";"2024-04-28T00:07:00.000Z";"2781";0.1087917487;0.1235340824;0.1085845665;0.1165400841;67822097.64;2736231624.32;"2024-04-28T23:59:59.999Z"
"2024-04-27T00:00:00.000Z";"2024-04-27T23:59:59.999Z";"2024-04-27T00:07:00.000Z";"2024-04-27T20:34:00.000Z";"2781";0.1187893456;0.119043728;0.1084367536;0.1087917487;67177842.26;2553204246.79;"2024-04-27T23:59:59.999Z"
"2024-04-26T00:00:00.000Z";"2024-04-26T23:59:59.999Z";"2024-04-26T08:48:00.000Z";"2024-04-26T01:20:00.000Z";"2781";0.1189378158;0.1208637803;0.1170970111;0.1187893456;28269474.57;2786625855.01;"2024-04-26T23:59:59.999Z"
"2024-04-25T00:00:00.000Z";"2024-04-25T23:59:59.999Z";"2024-04-25T00:35:00.000Z";"2024-04-25T13:23:00.000Z";"2781";0.1232711674;0.1244443421;0.1159010438;0.1189378158;76094375.3;2788903165.94;"2024-04-25T23:59:59.999Z"
"2024-04-24T00:00:00.000Z";"2024-04-24T23:59:59.999Z";"2024-04-24T12:43:00.000Z";"2024-04-24T23:07:00.000Z";"2781";0.1293225687;0.1303046778;0.1212127277;0.1232696416;46195176.42;2889218537.13;"2024-04-24T23:59:59.999Z"
"2024-04-23T00:00:00.000Z";"2024-04-23T23:59:59.999Z";"2024-04-23T19:02:00.000Z";"2024-04-23T03:37:00.000Z";"2781";0.12724103;0.1327600382;0.1245080503;0.1293225687;51387994.18;3029772597.2;"2024-04-23T23:59:59.999Z"
"2024-04-22T00:00:00.000Z";"2024-04-22T23:59:59.999Z";"2024-04-22T20:25:00.000Z";"2024-04-22T02:28:00.000Z";"2781";0.117045669;0.1306461345;0.1156139665;0.12724103;49086149.33;2979713100.87;"2024-04-22T23:59:59.999Z"
"2024-04-21T00:00:00.000Z";"2024-04-21T23:59:59.999Z";"2024-04-21T03:42:00.000Z";"2024-04-21T20:49:00.000Z";"2781";0.1194359729;0.1218442642;0.1148581328;0.117045669;37896708.21;2739779395.86;"2024-04-21T23:59:59.999Z"
"2024-04-20T00:00:00.000Z";"2024-04-20T23:59:59.999Z";"2024-04-20T17:28:00.000Z";"2024-04-20T01:10:00.000Z";"2781";0.1134228311;0.1216030622;0.1120037535;0.1194359729;42461979.06;2794528000.99;"2024-04-20T23:59:59.999Z"
"2024-04-19T00:00:00.000Z";"2024-04-19T23:59:59.999Z";"2024-04-19T00:00:00.000Z";"2024-04-19T02:44:00.000Z";"2781";0.1191712013;0.1191725659;0.1104748213;0.1134224186;57173102.31;2652684748.42;"2024-04-19T23:59:59.999Z"
"2024-04-18T00:00:00.000Z";"2024-04-18T23:59:59.999Z";"2024-04-18T15:05:00.000Z";"2024-04-18T08:26:00.000Z";"2781";0.1186741104;0.1211869694;0.1137972758;0.1191712013;45587429.84;2785936394.95;"2024-04-18T23:59:59.999Z"
"2024-04-17T00:00:00.000Z";"2024-04-17T23:59:59.999Z";"2024-04-17T05:24:00.000Z";"2024-04-17T16:49:00.000Z";"2781";0.1177936325;0.1224880277;0.1136599259;0.1186741104;55795950.08;2773133174.09;"2024-04-17T23:59:59.999Z"
"2024-04-16T00:00:00.000Z";"2024-04-16T23:59:59.999Z";"2024-04-16T01:38:00.000Z";"2024-04-16T16:12:00.000Z";"2781";0.1207104654;0.1219604717;0.1103550944;0.1177937303;52835380.61;2751352545.39;"2024-04-16T23:59:59.999Z"
"2024-04-15T00:00:00.000Z";"2024-04-15T23:59:59.999Z";"2024-04-15T09:38:00.000Z";"2024-04-15T19:07:00.000Z";"2781";0.1229883019;0.1342562425;0.1148145144;0.1207104654;77153089.6;2818268516.34;"2024-04-15T23:59:59.999Z"
"2024-04-14T00:00:00.000Z";"2024-04-14T23:59:59.999Z";"2024-04-14T08:40:00.000Z";"2024-04-14T03:16:00.000Z";"2781";0.1184046167;0.1273722333;0.1117660502;0.1229883019;84055112.17;2870212184.74;"2024-04-14T23:59:59.999Z"